StationID,Year,Month,Day,Latitude,Longitude,StreamDischargeCFS,Air TemperatureC
14166000,2001,1,1,44.2704,236.82629,5850,3.4902
14166000,2001,1,2,44.2704,236.82629,5580,3.76868
14166000,2001,1,3,44.2704,236.82629,5280,5.10452
14166000,2001,1,4,44.2704,236.82629,5030,3.52594
14166000,2001,1,5,44.2704,236.82629,4950,1.91312
14166000,2001,1,6,44.2704,236.82629,4950,1.28387
14166000,2001,1,7,44.2704,236.82629,4920,-0.246368
14166000,2001,1,8,44.2704,236.82629,4870,-0.720032
14166000,2001,1,9,44.2704,236.82629,4840,0.16214
14166000,2001,1,10,44.2704,236.82629,4840,2.48325
14166000,2001,1,11,44.2704,236.82629,4680,4.6514
14166000,2001,1,12,44.2704,236.82629,4210,4.19193
14166000,2001,1,13,44.2704,236.82629,4120,5.26279
14166000,2001,1,14,44.2704,236.82629,4690,6.7659
14166000,2001,1,15,44.2704,236.82629,4920,9.94455
14166000,2001,1,16,44.2704,236.82629,4630,8.02542
14166000,2001,1,17,44.2704,236.82629,4510,7.80136
14166000,2001,1,18,44.2704,236.82629,4380,7.185
14166000,2001,1,19,44.2704,236.82629,4180,3.30618
14166000,2001,1,20,44.2704,236.82629,4390,3.48428
14166000,2001,1,21,44.2704,236.82629,4390,3.76001
14166000,2001,1,22,44.2704,236.82629,4950,3.77518
14166000,2001,1,23,44.2704,236.82629,4790,5.60294
14166000,2001,1,24,44.2704,236.82629,4980,8.90781
14166000,2001,1,25,44.2704,236.82629,5420,7.85782
14166000,2001,1,26,44.2704,236.82629,5150,5.5408
14166000,2001,1,27,44.2704,236.82629,4800,7.19254
14166000,2001,1,28,44.2704,236.82629,4540,7.97238
14166000,2001,1,29,44.2704,236.82629,4460,7.48096
14166000,2001,1,30,44.2704,236.82629,4480,7.62241
14166000,2001,1,31,44.2704,236.82629,4300,6.76956
14166000,2001,2,1,44.2704,236.82629,4240,3.63586
14166000,2001,2,2,44.2704,236.82629,4240,4.30222
14166000,2001,2,3,44.2704,236.82629,4700,2.13742
14166000,2001,2,4,44.2704,236.82629,5690,4.35025
14166000,2001,2,5,44.2704,236.82629,6220,6.26294
14166000,2001,2,6,44.2704,236.82629,6720,7.80844
14166000,2001,2,7,44.2704,236.82629,6450,7.73584
14166000,2001,2,8,44.2704,236.82629,5750,8.90744
14166000,2001,2,9,44.2704,236.82629,5290,6.71878
14166000,2001,2,10,44.2704,236.82629,5040,8.06143
14166000,2001,2,11,44.2704,236.82629,4970,8.76462
14166000,2001,2,12,44.2704,236.82629,4880,9.43491
14166000,2001,2,13,44.2704,236.82629,4560,9.82706
14166000,2001,2,14,44.2704,236.82629,4380,7.88388
14166000,2001,2,15,44.2704,236.82629,4240,6.91006
14166000,2001,2,16,44.2704,236.82629,4180,7.93124
14166000,2001,2,17,44.2704,236.82629,4080,6.24417
14166000,2001,2,18,44.2704,236.82629,4060,7.64871
14166000,2001,2,19,44.2704,236.82629,3990,7.95651
14166000,2001,2,20,44.2704,236.82629,3940,8.7916
14166000,2001,2,21,44.2704,236.82629,4050,6.67911
14166000,2001,2,22,44.2704,236.82629,4180,4.06732
14166000,2001,2,23,44.2704,236.82629,4470,6.08267
14166000,2001,2,24,44.2704,236.82629,4550,4.78757
14166000,2001,2,25,44.2704,236.82629,4400,4.2554
14166000,2001,2,26,44.2704,236.82629,4170,6.33725
14166000,2001,2,27,44.2704,236.82629,4020,6.12128
14166000,2001,2,28,44.2704,236.82629,3910,4.46619
14166000,2001,3,1,44.2704,236.82629,3860,5.0748
14166000,2001,3,2,44.2704,236.82629,4840,6.10291
14166000,2001,3,3,44.2704,236.82629,4550,6.30176
14166000,2001,3,4,44.2704,236.82629,4330,8.17215
14166000,2001,3,5,44.2704,236.82629,4210,8.55283
14166000,2001,3,6,44.2704,236.82629,4020,8.87125
14166000,2001,3,7,44.2704,236.82629,3860,7.79468
14166000,2001,3,8,44.2704,236.82629,3850,7.19699
14166000,2001,3,9,44.2704,236.82629,4000,6.96622
14166000,2001,3,10,44.2704,236.82629,4170,8.543
14166000,2001,3,11,44.2704,236.82629,4130,8.84995
14166000,2001,3,12,44.2704,236.82629,3990,8.74826
14166000,2001,3,13,44.2704,236.82629,3870,5.34933
14166000,2001,3,14,44.2704,236.82629,3810,5.43814
14166000,2001,3,15,44.2704,236.82629,3810,5.681
14166000,2001,3,16,44.2704,236.82629,4000,7.8696
14166000,2001,3,17,44.2704,236.82629,4240,5.34177
14166000,2001,3,18,44.2704,236.82629,5040,6.60483
14166000,2001,3,19,44.2704,236.82629,5990,10.0334
14166000,2001,3,20,44.2704,236.82629,7060,8.87317
14166000,2001,3,21,44.2704,236.82629,6250,9.85657
14166000,2001,3,22,44.2704,236.82629,5610,12.871
14166000,2001,3,23,44.2704,236.82629,5200,15.3336
14166000,2001,3,24,44.2704,236.82629,4960,15.8236
14166000,2001,3,25,44.2704,236.82629,5130,15.1953
14166000,2001,3,26,44.2704,236.82629,5520,16.5
14166000,2001,3,27,44.2704,236.82629,5460,16.7242
14166000,2001,3,28,44.2704,236.82629,8240,16.2087
14166000,2001,3,29,44.2704,236.82629,9950,13.7011
14166000,2001,3,30,44.2704,236.82629,8220,12.6205
14166000,2001,3,31,44.2704,236.82629,7670,9.86151
14166000,2001,4,1,44.2704,236.82629,8160,9.56717
14166000,2001,4,2,44.2704,236.82629,7630,11.8355
14166000,2001,4,3,44.2704,236.82629,7820,12.6707
14166000,2001,4,4,44.2704,236.82629,8970,11.381
14166000,2001,4,5,44.2704,236.82629,9030,9.41537
14166000,2001,4,6,44.2704,236.82629,9390,9.75455
14166000,2001,4,7,44.2704,236.82629,10600,8.78964
14166000,2001,4,8,44.2704,236.82629,11700,7.90439
14166000,2001,4,9,44.2704,236.82629,12100,10.0827
14166000,2001,4,10,44.2704,236.82629,10300,10.9063
14166000,2001,4,11,44.2704,236.82629,10200,11.5732
14166000,2001,4,12,44.2704,236.82629,11100,10.0256
14166000,2001,4,13,44.2704,236.82629,11500,8.65677
14166000,2001,4,14,44.2704,236.82629,10500,7.0455
14166000,2001,4,15,44.2704,236.82629,9070,8.99045
14166000,2001,4,16,44.2704,236.82629,8620,10.3053
14166000,2001,4,17,44.2704,236.82629,8490,10.9453
14166000,2001,4,18,44.2704,236.82629,8360,15.1633
14166000,2001,4,19,44.2704,236.82629,8430,17.0778
14166000,2001,4,20,44.2704,236.82629,8550,16.3112
14166000,2001,4,21,44.2704,236.82629,7670,14.4355
14166000,2001,4,22,44.2704,236.82629,6760,14.8902
14166000,2001,4,23,44.2704,236.82629,6350,14.7588
14166000,2001,4,24,44.2704,236.82629,6230,14.6848
14166000,2001,4,25,44.2704,236.82629,6100,14.9987
14166000,2001,4,26,44.2704,236.82629,5980,13.5406
14166000,2001,4,27,44.2704,236.82629,5900,13.4388
14166000,2001,4,28,44.2704,236.82629,5920,14.8145
14166000,2001,4,29,44.2704,236.82629,6020,15.5605
14166000,2001,4,30,44.2704,236.82629,5870,12.8489
14166000,2001,5,1,44.2704,236.82629,8090,12.2657
14166000,2001,5,2,44.2704,236.82629,8120,12.0179
14166000,2001,5,3,44.2704,236.82629,7600,11.0183
14166000,2001,5,4,44.2704,236.82629,7640,9.67654
14166000,2001,5,5,44.2704,236.82629,7490,9.34201
14166000,2001,5,6,44.2704,236.82629,7050,10.0674
14166000,2001,5,7,44.2704,236.82629,6800,13.231
14166000,2001,5,8,44.2704,236.82629,6810,16.735
14166000,2001,5,9,44.2704,236.82629,7080,15.6592
14166000,2001,5,10,44.2704,236.82629,7350,13.3475
14166000,2001,5,11,44.2704,236.82629,7850,9.67191
14166000,2001,5,12,44.2704,236.82629,8110,9.59933
14166000,2001,5,13,44.2704,236.82629,8710,11.4911
14166000,2001,5,14,44.2704,236.82629,9380,14.5682
14166000,2001,5,15,44.2704,236.82629,11200,14.5464
14166000,2001,5,16,44.2704,236.82629,12300,12.8592
14166000,2001,5,17,44.2704,236.82629,12100,13.8842
14166000,2001,5,18,44.2704,236.82629,10600,14.1203
14166000,2001,5,19,44.2704,236.82629,9760,13.331
14166000,2001,5,20,44.2704,236.82629,9260,11.0689
14166000,2001,5,21,44.2704,236.82629,8750,12.4118
14166000,2001,5,22,44.2704,236.82629,9020,12.8465
14166000,2001,5,23,44.2704,236.82629,9530,12.2476
14166000,2001,5,24,44.2704,236.82629,8820,12.6001
14166000,2001,5,25,44.2704,236.82629,8440,15.9326
14166000,2001,5,26,44.2704,236.82629,8460,15.0884
14166000,2001,5,27,44.2704,236.82629,8610,13.7963
14166000,2001,5,28,44.2704,236.82629,8490,17.2047
14166000,2001,5,29,44.2704,236.82629,8360,17.2197
14166000,2001,5,30,44.2704,236.82629,8290,16.2271
14166000,2001,5,31,44.2704,236.82629,7960,16.872
14166000,2001,6,5,44.2704,236.82629,7620,15.346
14166000,2001,6,6,44.2704,236.82629,7310,16.6312
14166000,2001,6,7,44.2704,236.82629,6550,14.4608
14166000,2001,6,8,44.2704,236.82629,5360,17.5353
14166000,2001,6,9,44.2704,236.82629,4770,17.6162
14166000,2001,6,10,44.2704,236.82629,4270,16.1883
14166000,2001,6,11,44.2704,236.82629,3970,15.6212
14166000,2001,6,12,44.2704,236.82629,4190,13.3993
14166000,2001,6,13,44.2704,236.82629,4220,11.4651
14166000,2001,6,14,44.2704,236.82629,3950,12.4687
14166000,2001,6,15,44.2704,236.82629,3880,14.8029
14166000,2001,6,16,44.2704,236.82629,3760,14.9151
14166000,2001,6,17,44.2704,236.82629,3690,15.4641
14166000,2001,6,18,44.2704,236.82629,3590,18.9853
14166000,2001,6,19,44.2704,236.82629,3530,19.2082
14166000,2001,6,20,44.2704,236.82629,3450,21.5877
14166000,2001,6,21,44.2704,236.82629,3380,21.5401
14166000,2001,6,22,44.2704,236.82629,3340,24.1691
14166000,2001,6,23,44.2704,236.82629,3360,22.5963
14166000,2001,6,24,44.2704,236.82629,3380,20.2385
14166000,2001,6,25,44.2704,236.82629,3630,20.125
14166000,2001,6,26,44.2704,236.82629,3570,19.3015
14166000,2001,6,27,44.2704,236.82629,3740,16.3752
14166000,2001,6,28,44.2704,236.82629,3660,15.1579
14166000,2001,6,29,44.2704,236.82629,3550,15.4054
14166000,2001,6,30,44.2704,236.82629,3670,15.644
14166000,2001,7,1,44.2704,236.82629,3610,17.8654
14166000,2001,7,2,44.2704,236.82629,3490,18.6534
14166000,2001,7,3,44.2704,236.82629,3380,17.5398
14166000,2001,7,4,44.2704,236.82629,3380,17.8319
14166000,2001,7,5,44.2704,236.82629,3340,18.3832
14166000,2001,7,6,44.2704,236.82629,3270,20.7956
14166000,2001,7,7,44.2704,236.82629,3300,19.9957
14166000,2001,7,8,44.2704,236.82629,3230,19.5976
14166000,2001,7,9,44.2704,236.82629,3210,17.7204
14166000,2001,7,10,44.2704,236.82629,3190,16.3583
14166000,2001,7,11,44.2704,236.82629,3180,15.338
14166000,2001,7,12,44.2704,236.82629,3170,18.0229
14166000,2001,7,13,44.2704,236.82629,3200,21.6498
14166000,2001,7,14,44.2704,236.82629,3230,22.5704
14166000,2001,7,15,44.2704,236.82629,3320,24.6578
14166000,2001,7,16,44.2704,236.82629,3290,25.5973
14166000,2001,7,17,44.2704,236.82629,3160,24.0396
14166000,2001,7,18,44.2704,236.82629,3240,22.9716
14166000,2001,7,19,44.2704,236.82629,3260,20.8887
14166000,2001,7,20,44.2704,236.82629,3260,19.3538
14166000,2001,7,21,44.2704,236.82629,3220,19.5419
14166000,2001,7,22,44.2704,236.82629,3240,19.7883
14166000,2001,7,23,44.2704,236.82629,3190,19.1938
14166000,2001,7,24,44.2704,236.82629,3110,16.6067
14166000,2001,7,25,44.2704,236.82629,3160,17.6133
14166000,2001,7,26,44.2704,236.82629,3150,17.8622
14166000,2001,7,27,44.2704,236.82629,3120,18.2448
14166000,2001,7,28,44.2704,236.82629,3170,17.7442
14166000,2001,7,29,44.2704,236.82629,3190,17.8028
14166000,2001,7,30,44.2704,236.82629,3490,17.606
14166000,2001,7,31,44.2704,236.82629,3540,19.8299
14166000,2001,8,1,44.2704,236.82629,3630,20.4109
14166000,2001,8,2,44.2704,236.82629,3580,21.3197
14166000,2001,8,3,44.2704,236.82629,3660,22.115
14166000,2001,8,4,44.2704,236.82629,3760,21.8381
14166000,2001,8,5,44.2704,236.82629,3730,20.2249
14166000,2001,8,6,44.2704,236.82629,3720,21.1197
14166000,2001,8,7,44.2704,236.82629,3680,17.5941
14166000,2001,8,8,44.2704,236.82629,3650,18.3521
14166000,2001,8,9,44.2704,236.82629,3770,18.2133
14166000,2001,8,10,44.2704,236.82629,3740,18.8585
14166000,2001,8,11,44.2704,236.82629,3840,16.0697
14166000,2001,8,12,44.2704,236.82629,3840,15.3772
14166000,2001,8,13,44.2704,236.82629,3840,19.3909
14166000,2001,8,14,44.2704,236.82629,3800,21.3604
14166000,2001,8,15,44.2704,236.82629,3830,23.0771
14166000,2001,8,16,44.2704,236.82629,3800,20.3903
14166000,2001,8,17,44.2704,236.82629,3780,21.3903
14166000,2001,8,18,44.2704,236.82629,3810,19.7821
14166000,2001,8,19,44.2704,236.82629,3800,18.1164
14166000,2001,8,20,44.2704,236.82629,3760,20.5056
14166000,2001,8,21,44.2704,236.82629,3760,21.1071
14166000,2001,8,22,44.2704,236.82629,3770,19.3246
14166000,2001,8,23,44.2704,236.82629,4010,15.7293
14166000,2001,8,24,44.2704,236.82629,4050,16.6294
14166000,2001,8,25,44.2704,236.82629,3950,17.7903
14166000,2001,8,26,44.2704,236.82629,3940,18.9846
14166000,2001,8,27,44.2704,236.82629,3880,19.0571
14166000,2001,8,28,44.2704,236.82629,3790,18.364
14166000,2001,8,29,44.2704,236.82629,3790,19.4866
14166000,2001,8,30,44.2704,236.82629,3830,18.4354
14166000,2001,8,31,44.2704,236.82629,3850,15.6989
14166000,2001,9,1,44.2704,236.82629,3860,17.9254
14166000,2001,9,2,44.2704,236.82629,3860,20.3922
14166000,2001,9,3,44.2704,236.82629,3810,18.7682
14166000,2001,9,4,44.2704,236.82629,3860,17.6265
14166000,2001,9,5,44.2704,236.82629,3770,19.0791
14166000,2001,9,6,44.2704,236.82629,3850,19.9538
14166000,2001,9,7,44.2704,236.82629,3970,18.4089
14166000,2001,9,8,44.2704,236.82629,3960,16.209
14166000,2001,9,9,44.2704,236.82629,4020,17.6169
14166000,2001,9,10,44.2704,236.82629,4000,17.3028
14166000,2001,9,11,44.2704,236.82629,3940,16.2
14166000,2001,9,12,44.2704,236.82629,3970,14.3122
14166000,2001,9,13,44.2704,236.82629,3980,12.5521
14166000,2001,9,14,44.2704,236.82629,3990,12.4817
14166000,2001,9,15,44.2704,236.82629,4050,14.873
14166000,2001,9,16,44.2704,236.82629,4060,14.8339
14166000,2001,9,17,44.2704,236.82629,4050,15.7707
14166000,2001,9,18,44.2704,236.82629,3990,13.8398
14166000,2001,9,19,44.2704,236.82629,4700,12.9542
14166000,2001,9,20,44.2704,236.82629,4850,15.2345
14166000,2001,9,21,44.2704,236.82629,4840,15.8501
14166000,2001,9,22,44.2704,236.82629,4780,16.8428
14166000,2001,9,23,44.2704,236.82629,4800,12.963
14166000,2001,9,24,44.2704,236.82629,4770,12.04
14166000,2001,9,25,44.2704,236.82629,4870,11.3007
14166000,2001,9,26,44.2704,236.82629,5020,11.7224
14166000,2001,9,27,44.2704,236.82629,5010,11.9048
14166000,2001,9,28,44.2704,236.82629,4990,12.8132
14166000,2001,9,29,44.2704,236.82629,4950,13.8036
14166000,2001,9,30,44.2704,236.82629,5030,13.834
14166000,2001,10,1,44.2704,236.82629,4990,13.0074
14166000,2001,10,2,44.2704,236.82629,4890,12.292
14166000,2001,10,3,44.2704,236.82629,4760,15.2682
14166000,2001,10,4,44.2704,236.82629,4790,14.8715
14166000,2001,10,5,44.2704,236.82629,4750,15.6764
14166000,2001,10,6,44.2704,236.82629,4770,12.7454
14166000,2001,10,7,44.2704,236.82629,4790,12.1419
14166000,2001,10,8,44.2704,236.82629,4830,12.8373
14166000,2001,10,9,44.2704,236.82629,4840,13.1496
14166000,2001,10,10,44.2704,236.82629,4880,10.7728
14166000,2001,10,11,44.2704,236.82629,5310,13.2571
14166000,2001,10,12,44.2704,236.82629,5180,12.1104
14166000,2001,10,13,44.2704,236.82629,4910,11.2953
14166000,2001,10,14,44.2704,236.82629,4800,10.3338
14166000,2001,10,15,44.2704,236.82629,4800,11.0398
14166000,2001,10,16,44.2704,236.82629,4660,15.4414
14166000,2001,10,17,44.2704,236.82629,4650,15.0472
14166000,2001,10,18,44.2704,236.82629,4690,16.8488
14166000,2001,10,19,44.2704,236.82629,4730,15.3508
14166000,2001,10,20,44.2704,236.82629,5010,13.5784
14166000,2001,10,21,44.2704,236.82629,5000,13.4041
14166000,2001,10,22,44.2704,236.82629,4940,13.4559
14166000,2001,10,23,44.2704,236.82629,6340,12.4864
14166000,2001,10,24,44.2704,236.82629,5960,10.2582
14166000,2001,10,25,44.2704,236.82629,5430,7.53403
14166000,2001,10,26,44.2704,236.82629,5210,5.31888
14166000,2001,10,27,44.2704,236.82629,5000,6.84381
14166000,2001,10,28,44.2704,236.82629,4970,10.4076
14166000,2001,10,29,44.2704,236.82629,4910,9.21408
14166000,2001,10,30,44.2704,236.82629,5050,10.1389
14166000,2001,10,31,44.2704,236.82629,5720,9.0029
14166000,2001,11,1,44.2704,236.82629,5940,8.56815
14166000,2001,11,2,44.2704,236.82629,5410,8.96634
14166000,2001,11,3,44.2704,236.82629,4980,6.39505
14166000,2001,11,4,44.2704,236.82629,4790,5.4498
14166000,2001,11,5,44.2704,236.82629,4660,6.93967
14166000,2001,11,6,44.2704,236.82629,4690,8.77148
14166000,2001,11,7,44.2704,236.82629,4550,8.42941
14166000,2001,11,8,44.2704,236.82629,4470,8.38986
14166000,2001,11,9,44.2704,236.82629,4250,8.96164
14166000,2001,11,10,44.2704,236.82629,4060,9.48965
14166000,2001,11,11,44.2704,236.82629,3960,9.52637
14166000,2001,11,12,44.2704,236.82629,4150,8.81866
14166000,2001,11,13,44.2704,236.82629,4170,10.1414
14166000,2001,11,14,44.2704,236.82629,4880,9.9675
14166000,2001,11,15,44.2704,236.82629,4990,6.70758
14166000,2001,11,16,44.2704,236.82629,5230,6.08066
14166000,2001,11,17,44.2704,236.82629,6730,8.58334
14166000,2001,11,18,44.2704,236.82629,6960,8.49228
14166000,2001,11,19,44.2704,236.82629,6180,6.83438
14166000,2001,11,20,44.2704,236.82629,6070,7.2767
14166000,2001,11,21,44.2704,236.82629,6610,6.32803
14166000,2001,11,22,44.2704,236.82629,10800,9.13583
14166000,2001,11,23,44.2704,236.82629,20500,10.4582
14166000,2001,11,24,44.2704,236.82629,16200,8.06699
14166000,2001,11,25,44.2704,236.82629,16100,9.45078
14166000,2001,11,26,44.2704,236.82629,16800,9.74545
14166000,2001,11,27,44.2704,236.82629,14400,8.01816
14166000,2001,11,28,44.2704,236.82629,13500,10.2982
14166000,2001,11,29,44.2704,236.82629,23700,7.965
14166000,2001,11,30,44.2704,236.82629,24100,7.83743
14166000,2001,12,1,44.2704,236.82629,22900,8.98056
14166000,2001,12,2,44.2704,236.82629,25900,7.20224
14166000,2001,12,3,44.2704,236.82629,22300,5.67096
14166000,2001,12,4,44.2704,236.82629,19800,4.49893
14166000,2001,12,5,44.2704,236.82629,21500,4.81671
14166000,2001,12,6,44.2704,236.82629,23800,4.97256
14166000,2001,12,7,44.2704,236.82629,32200,4.92545
14166000,2001,12,8,44.2704,236.82629,29000,5.01074
14166000,2001,12,9,44.2704,236.82629,24800,7.42905
14166000,2001,12,10,44.2704,236.82629,20700,7.93668
14166000,2001,12,11,44.2704,236.82629,18000,8.01581
14166000,2001,12,12,44.2704,236.82629,17300,8.0209
14166000,2001,12,13,44.2704,236.82629,19000,3.78751
14166000,2001,12,14,44.2704,236.82629,36700,1.45407
14166000,2001,12,15,44.2704,236.82629,34100,1.86072
14166000,2001,12,16,44.2704,236.82629,29600,2.93259
14166000,2001,12,17,44.2704,236.82629,33400,1.15891
14166000,2001,12,18,44.2704,236.82629,39200,4.97861
14166000,2001,12,19,44.2704,236.82629,40000,5.8501
14166000,2001,12,20,44.2704,236.82629,38200,7.42749
14166000,2001,12,21,44.2704,236.82629,35800,6.65601
14166000,2001,12,22,44.2704,236.82629,32600,4.9061
14166000,2001,12,23,44.2704,236.82629,26900,3.17786
14166000,2001,12,24,44.2704,236.82629,21100,4.25235
14166000,2001,12,25,44.2704,236.82629,16900,5.1456
14166000,2001,12,26,44.2704,236.82629,14700,6.0571
14166000,2001,12,27,44.2704,236.82629,11900,6.06839
14166000,2001,12,28,44.2704,236.82629,11000,9.87949
14166000,2001,12,29,44.2704,236.82629,10500,8.26974
14166000,2001,12,30,44.2704,236.82629,9950,10.4605
14166000,2001,12,31,44.2704,236.82629,11300,7.18793
14166000,2002,1,1,44.2704,236.82629,13200,9.79251
14166000,2002,1,2,44.2704,236.82629,14400,7.44745
14166000,2002,1,3,44.2704,236.82629,15900,1.34354
14166000,2002,1,4,44.2704,236.82629,14900,2.7355
14166000,2002,1,5,44.2704,236.82629,13400,1.03116
14166000,2002,1,6,44.2704,236.82629,13900,2.77072
14166000,2002,1,7,44.2704,236.82629,17300,2.37936
14166000,2002,1,8,44.2704,236.82629,22800,2.97531
14166000,2002,1,9,44.2704,236.82629,25000,3.94382
14166000,2002,1,10,44.2704,236.82629,20700,2.35495
14166000,2002,1,11,44.2704,236.82629,17800,2.21979
14166000,2002,1,12,44.2704,236.82629,16900,1.95062
14166000,2002,1,13,44.2704,236.82629,16400,0.903259
14166000,2002,1,14,44.2704,236.82629,16000,3.03616
14166000,2002,1,15,44.2704,236.82629,15200,5.78036
14166000,2002,1,16,44.2704,236.82629,14300,6.09766
14166000,2002,1,17,44.2704,236.82629,13500,5.06241
14166000,2002,1,18,44.2704,236.82629,12700,6.68723
14166000,2002,1,19,44.2704,236.82629,12900,8.00006
14166000,2002,1,20,44.2704,236.82629,14700,6.4938
14166000,2002,1,21,44.2704,236.82629,28300,4.01044
14166000,2002,1,22,44.2704,236.82629,30900,0.0917358
14166000,2002,1,23,44.2704,236.82629,24500,-1.97015
14166000,2002,1,24,44.2704,236.82629,20500,-3.41074
14166000,2002,1,25,44.2704,236.82629,22500,-2.28537
14166000,2002,1,26,44.2704,236.82629,37800,-3.29568
14166000,2002,1,27,44.2704,236.82629,30500,-0.557465
14166000,2002,1,28,44.2704,236.82629,24800,2.71805
14166000,2002,1,29,44.2704,236.82629,19000,10.3737
14166000,2002,1,30,44.2704,236.82629,15500,8.68768
14166000,2002,1,31,44.2704,236.82629,12900,7.9509
14166000,2002,2,1,44.2704,236.82629,13400,7.97568
14166000,2002,2,2,44.2704,236.82629,12000,6.1376
14166000,2002,2,3,44.2704,236.82629,10900,3.91489
14166000,2002,2,4,44.2704,236.82629,9760,4.3887
14166000,2002,2,5,44.2704,236.82629,9080,1.87735
14166000,2002,2,6,44.2704,236.82629,8580,1.83871
14166000,2002,2,7,44.2704,236.82629,11000,2.10507
14166000,2002,2,8,44.2704,236.82629,18800,2.65311
14166000,2002,2,9,44.2704,236.82629,17400,3.45074
14166000,2002,2,10,44.2704,236.82629,14200,0.595551
14166000,2002,2,11,44.2704,236.82629,12500,-0.925018
14166000,2002,2,12,44.2704,236.82629,11400,2.55264
14166000,2002,2,13,44.2704,236.82629,10600,4.27603
14166000,2002,2,14,44.2704,236.82629,9550,5.40591
14166000,2002,2,15,44.2704,236.82629,8580,6.5737
14166000,2002,2,16,44.2704,236.82629,8380,6.66547
14166000,2002,2,17,44.2704,236.82629,8060,5.13364
14166000,2002,2,18,44.2704,236.82629,7780,6.09564
14166000,2002,2,19,44.2704,236.82629,7800,9.00003
14166000,2002,2,20,44.2704,236.82629,9490,11.3451
14166000,2002,2,21,44.2704,236.82629,9320,12.2857
14166000,2002,2,22,44.2704,236.82629,9480,10.8819
14166000,2002,2,23,44.2704,236.82629,11500,8.14236
14166000,2002,2,24,44.2704,236.82629,12500,7.37961
14166000,2002,2,25,44.2704,236.82629,10600,8.09756
14166000,2002,2,26,44.2704,236.82629,9360,7.53058
14166000,2002,2,27,44.2704,236.82629,8300,6.7963
14166000,2002,2,28,44.2704,236.82629,7660,6.50565
14166000,2002,3,1,44.2704,236.82629,7210,6.90085
14166000,2002,3,2,44.2704,236.82629,6750,6.84677
14166000,2002,3,3,44.2704,236.82629,6330,8.18146
14166000,2002,3,4,44.2704,236.82629,6090,6.50351
14166000,2002,3,5,44.2704,236.82629,5990,7.32169
14166000,2002,3,6,44.2704,236.82629,6510,3.5723
14166000,2002,3,7,44.2704,236.82629,10300,4.42642
14166000,2002,3,8,44.2704,236.82629,9580,4.88605
14166000,2002,3,9,44.2704,236.82629,8190,8.08298
14166000,2002,3,10,44.2704,236.82629,7800,8.62985
14166000,2002,3,11,44.2704,236.82629,8520,8.07242
14166000,2002,3,12,44.2704,236.82629,15500,6.97147
14166000,2002,3,13,44.2704,236.82629,17600,9.33005
14166000,2002,3,14,44.2704,236.82629,16400,11.2065
14166000,2002,3,15,44.2704,236.82629,14800,10.3321
14166000,2002,3,16,44.2704,236.82629,14500,10.6899
14166000,2002,3,17,44.2704,236.82629,13600,11.0307
14166000,2002,3,18,44.2704,236.82629,11100,11.1175
14166000,2002,3,19,44.2704,236.82629,10300,5.75577
14166000,2002,3,20,44.2704,236.82629,10000,6.35208
14166000,2002,3,21,44.2704,236.82629,10100,9.93677
14166000,2002,3,22,44.2704,236.82629,10200,12.1203
14166000,2002,3,23,44.2704,236.82629,11500,12.5591
14166000,2002,3,24,44.2704,236.82629,14400,8.61234
14166000,2002,3,25,44.2704,236.82629,14600,10.9723
14166000,2002,3,26,44.2704,236.82629,13300,11.4862
14166000,2002,3,27,44.2704,236.82629,11700,12.7321
14166000,2002,3,28,44.2704,236.82629,10600,14.4972
14166000,2002,3,29,44.2704,236.82629,9800,12.9828
14166000,2002,3,30,44.2704,236.82629,9630,10.6148
14166000,2002,3,31,44.2704,236.82629,10800,9.17303
14166000,2002,4,1,44.2704,236.82629,10800,8.90347
14166000,2002,4,2,44.2704,236.82629,10200,8.55804
14166000,2002,4,3,44.2704,236.82629,10100,11.3675
14166000,2002,4,4,44.2704,236.82629,10300,11.6597
14166000,2002,4,5,44.2704,236.82629,10600,9.96222
14166000,2002,4,6,44.2704,236.82629,10100,9.87875
14166000,2002,4,7,44.2704,236.82629,9650,10.4126
14166000,2002,4,8,44.2704,236.82629,9530,9.91202
14166000,2002,4,9,44.2704,236.82629,9690,13.499
14166000,2002,4,10,44.2704,236.82629,11900,15.235
14166000,2002,4,11,44.2704,236.82629,14000,16.8279
14166000,2002,4,12,44.2704,236.82629,13100,16.0452
14166000,2002,4,13,44.2704,236.82629,14000,14.8488
14166000,2002,4,14,44.2704,236.82629,23600,17.0168
14166000,2002,4,15,44.2704,236.82629,34400,19.1021
14166000,2002,4,16,44.2704,236.82629,31400,16.6913
14166000,2002,4,17,44.2704,236.82629,27100,16.1222
14166000,2002,4,18,44.2704,236.82629,25600,14.57
14166000,2002,4,19,44.2704,236.82629,22200,13.2562
14166000,2002,4,20,44.2704,236.82629,18100,13.396
14166000,2002,4,21,44.2704,236.82629,15700,13.027
14166000,2002,4,22,44.2704,236.82629,13600,13.387
14166000,2002,4,23,44.2704,236.82629,12000,13.5385
14166000,2002,4,24,44.2704,236.82629,10800,14.8124
14166000,2002,4,25,44.2704,236.82629,9840,14.9896
14166000,2002,4,26,44.2704,236.82629,9440,13.1066
14166000,2002,4,27,44.2704,236.82629,9320,11.3755
14166000,2002,4,28,44.2704,236.82629,8660,12.7746
14166000,2002,4,29,44.2704,236.82629,8240,13.7029
14166000,2002,4,30,44.2704,236.82629,8200,11.9102
14166000,2002,5,1,44.2704,236.82629,8060,11.3686
14166000,2002,5,2,44.2704,236.82629,7960,13.2401
14166000,2002,5,3,44.2704,236.82629,8000,13.9817
14166000,2002,5,4,44.2704,236.82629,7900,8.56329
14166000,2002,5,5,44.2704,236.82629,7690,8.22842
14166000,2002,5,6,44.2704,236.82629,7550,9.08795
14166000,2002,5,7,44.2704,236.82629,8360,10.1075
14166000,2002,5,8,44.2704,236.82629,8750,9.00903
14166000,2002,5,9,44.2704,236.82629,7930,9.61475
14166000,2002,5,10,44.2704,236.82629,8310,10.9818
14166000,2002,5,11,44.2704,236.82629,8560,12.3265
14166000,2002,5,12,44.2704,236.82629,8250,11.0431
14166000,2002,5,13,44.2704,236.82629,8230,11.6931
14166000,2002,5,14,44.2704,236.82629,8530,14.4976
14166000,2002,5,15,44.2704,236.82629,8400,14.5776
14166000,2002,5,16,44.2704,236.82629,8480,16.6408
14166000,2002,5,17,44.2704,236.82629,8580,15.4025
14166000,2002,5,18,44.2704,236.82629,8650,15.729
14166000,2002,5,19,44.2704,236.82629,8830,16.9935
14166000,2002,5,20,44.2704,236.82629,8680,15.2079
14166000,2002,5,21,44.2704,236.82629,8480,9.95767
14166000,2002,5,22,44.2704,236.82629,8670,12.1621
14166000,2002,5,23,44.2704,236.82629,8530,14.8004
14166000,2002,5,24,44.2704,236.82629,8340,14.8121
14166000,2002,5,25,44.2704,236.82629,8210,15.0258
14166000,2002,5,26,44.2704,236.82629,8330,14.4976
14166000,2002,5,27,44.2704,236.82629,8400,14.3359
14166000,2002,5,28,44.2704,236.82629,8850,14.2773
14166000,2002,5,29,44.2704,236.82629,9290,14.7956
14166000,2002,5,30,44.2704,236.82629,9600,15.9772
14166000,2002,5,31,44.2704,236.82629,8300,15.2914
14166000,2002,6,1,44.2704,236.82629,7260,12.9499
14166000,2002,6,2,44.2704,236.82629,6930,14.6917
14166000,2002,6,3,44.2704,236.82629,6860,14.6027
14166000,2002,6,4,44.2704,236.82629,7000,13.7738
14166000,2002,6,5,44.2704,236.82629,6860,13.5931
14166000,2002,6,6,44.2704,236.82629,6810,12.8889
14166000,2002,6,7,44.2704,236.82629,7000,15.1445
14166000,2002,6,8,44.2704,236.82629,6980,18.3103
14166000,2002,6,9,44.2704,236.82629,6730,21.303
14166000,2002,6,10,44.2704,236.82629,6500,22.0993
14166000,2002,6,11,44.2704,236.82629,6350,22.1526
14166000,2002,6,12,44.2704,236.82629,6260,21.4303
14166000,2002,6,13,44.2704,236.82629,6000,20.7317
14166000,2002,6,14,44.2704,236.82629,5570,16.9294
14166000,2002,6,15,44.2704,236.82629,5240,16.8368
14166000,2002,6,16,44.2704,236.82629,5020,16.333
14166000,2002,6,17,44.2704,236.82629,4950,15.3203
14166000,2002,6,18,44.2704,236.82629,5270,16.0963
14166000,2002,6,19,44.2704,236.82629,5500,14.8573
14166000,2002,6,20,44.2704,236.82629,5160,14.1332
14166000,2002,6,21,44.2704,236.82629,4990,15.2653
14166000,2002,6,22,44.2704,236.82629,4910,17.7979
14166000,2002,6,23,44.2704,236.82629,4790,20.098
14166000,2002,6,24,44.2704,236.82629,4690,18.9812
14166000,2002,6,25,44.2704,236.82629,4720,17.9756
14166000,2002,6,26,44.2704,236.82629,4750,18.0696
14166000,2002,6,27,44.2704,236.82629,4900,17.4305
14166000,2002,6,28,44.2704,236.82629,4840,17.8839
14166000,2002,6,29,44.2704,236.82629,4720,18.8842
14166000,2002,6,30,44.2704,236.82629,4670,20.6446
14166000,2002,7,1,44.2704,236.82629,4520,20.8159
14166000,2002,7,2,44.2704,236.82629,4350,18.1315
14166000,2002,7,3,44.2704,236.82629,4240,17.566
14166000,2002,7,4,44.2704,236.82629,4190,19.3485
14166000,2002,7,5,44.2704,236.82629,4120,18.358
14166000,2002,7,6,44.2704,236.82629,4140,20.3489
14166000,2002,7,7,44.2704,236.82629,4150,22.1692
14166000,2002,7,8,44.2704,236.82629,4130,22.1162
14166000,2002,7,9,44.2704,236.82629,4180,21.4695
14166000,2002,7,11,44.2704,236.82629,4120,18.8003
14166000,2002,7,12,44.2704,236.82629,4410,19.2885
14166000,2002,7,13,44.2704,236.82629,4420,20.2158
14166000,2002,7,14,44.2704,236.82629,4420,20.1663
14166000,2002,7,15,44.2704,236.82629,4450,21.0099
14166000,2002,7,16,44.2704,236.82629,4720,23.5656
14166000,2002,7,17,44.2704,236.82629,4710,25.9389
14166000,2002,7,18,44.2704,236.82629,4840,24.9381
14166000,2002,7,19,44.2704,236.82629,4860,21.9523
14166000,2002,7,20,44.2704,236.82629,4840,20.2612
14166000,2002,7,21,44.2704,236.82629,4860,19.6638
14166000,2002,7,22,44.2704,236.82629,4830,20.2287
14166000,2002,7,23,44.2704,236.82629,4800,17.6024
14166000,2002,7,24,44.2704,236.82629,4750,17.3443
14166000,2002,7,25,44.2704,236.82629,4750,17.9052
14166000,2002,7,26,44.2704,236.82629,4770,18.2039
14166000,2002,7,27,44.2704,236.82629,4790,19.2751
14166000,2002,7,28,44.2704,236.82629,4810,19.5757
14166000,2002,7,29,44.2704,236.82629,4820,21.7546
14166000,2002,7,30,44.2704,236.82629,4890,20.9068
14166000,2002,7,31,44.2704,236.82629,4990,20.0891
14166000,2002,8,1,44.2704,236.82629,4980,21.6668
14166000,2002,8,2,44.2704,236.82629,5000,22.4228
14166000,2002,8,3,44.2704,236.82629,5090,22.0704
14166000,2002,8,4,44.2704,236.82629,5140,21.5935
14166000,2002,8,5,44.2704,236.82629,5210,21.7378
14166000,2002,8,6,44.2704,236.82629,5190,22.7733
14166000,2002,8,7,44.2704,236.82629,5220,22.3263
14166000,2002,8,8,44.2704,236.82629,5220,19.8702
14166000,2002,8,9,44.2704,236.82629,5250,19.0904
14166000,2002,8,10,44.2704,236.82629,5370,18.4328
14166000,2002,8,11,44.2704,236.82629,5430,19.8482
14166000,2002,8,12,44.2704,236.82629,5470,19.5527
14166000,2002,8,13,44.2704,236.82629,5480,18.5975
14166000,2002,8,14,44.2704,236.82629,5500,19.9512
14166000,2002,8,15,44.2704,236.82629,5500,20.3759
14166000,2002,8,16,44.2704,236.82629,5550,19.6441
14166000,2002,8,17,44.2704,236.82629,5560,19.9566
14166000,2002,8,18,44.2704,236.82629,5470,19.2312
14166000,2002,8,19,44.2704,236.82629,5040,19.3061
14166000,2002,8,20,44.2704,236.82629,5090,18.0617
14166000,2002,8,21,44.2704,236.82629,5230,19.617
14166000,2002,8,22,44.2704,236.82629,5220,23.5644
14166000,2002,8,23,44.2704,236.82629,5170,21.8965
14166000,2002,8,24,44.2704,236.82629,5140,18.6371
14166000,2002,8,25,44.2704,236.82629,5140,19.1937
14166000,2002,8,26,44.2704,236.82629,5140,20.0151
14166000,2002,8,27,44.2704,236.82629,5110,20.4712
14166000,2002,8,28,44.2704,236.82629,5080,19.505
14166000,2002,8,29,44.2704,236.82629,5030,18.1758
14166000,2002,8,30,44.2704,236.82629,5000,19.2192
14166000,2002,8,31,44.2704,236.82629,5030,22.9223
14166000,2002,9,1,44.2704,236.82629,5030,23.6228
14166000,2002,9,2,44.2704,236.82629,5010,23.3593
14166000,2002,9,3,44.2704,236.82629,5000,21.9449
14166000,2002,9,4,44.2704,236.82629,5000,18.148
14166000,2002,9,5,44.2704,236.82629,5030,17.7929
14166000,2002,9,6,44.2704,236.82629,5090,19.0573
14166000,2002,9,7,44.2704,236.82629,5010,19.711
14166000,2002,9,8,44.2704,236.82629,5020,19.0915
14166000,2002,9,9,44.2704,236.82629,5030,18.3476
14166000,2002,9,10,44.2704,236.82629,5020,18.1283
14166000,2002,9,11,44.2704,236.82629,5020,16.7755
14166000,2002,9,12,44.2704,236.82629,5050,18.5705
14166000,2002,9,13,44.2704,236.82629,5040,19.4734
14166000,2002,9,14,44.2704,236.82629,5040,20.0828
14166000,2002,9,15,44.2704,236.82629,5090,21.0593
14166000,2002,9,16,44.2704,236.82629,5120,21.1856
14166000,2002,9,17,44.2704,236.82629,5400,19.1404
14166000,2002,9,18,44.2704,236.82629,5760,17.7806
14166000,2002,9,19,44.2704,236.82629,5480,14.2309
14166000,2002,9,20,44.2704,236.82629,5120,14.7148
14166000,2002,9,21,44.2704,236.82629,4960,13.1246
14166000,2002,9,22,44.2704,236.82629,5040,13.4002
14166000,2002,9,23,44.2704,236.82629,5140,13.821
14166000,2002,9,24,44.2704,236.82629,5170,16.3656
14166000,2002,9,25,44.2704,236.82629,5330,16.6383
14166000,2002,9,26,44.2704,236.82629,5430,16.8963
14166000,2002,9,27,44.2704,236.82629,5450,18.3086
14166000,2002,9,28,44.2704,236.82629,5510,19.9034
14166000,2002,9,29,44.2704,236.82629,5600,20.1004
14166000,2002,9,30,44.2704,236.82629,5710,20.8138
14166000,2002,10,1,44.2704,236.82629,5890,19.3581
14166000,2002,10,2,44.2704,236.82629,5940,14.233
14166000,2002,10,3,44.2704,236.82629,5850,16.4193
14166000,2002,10,4,44.2704,236.82629,5770,19.8359
14166000,2002,10,5,44.2704,236.82629,5430,19.7498
14166000,2002,10,6,44.2704,236.82629,5250,18.6176
14166000,2002,10,7,44.2704,236.82629,5180,12.9206
14166000,2002,10,8,44.2704,236.82629,5110,12.2542
14166000,2002,10,9,44.2704,236.82629,4930,10.1764
14166000,2002,10,10,44.2704,236.82629,4820,16.04
14166000,2002,10,11,44.2704,236.82629,4830,15.8215
14166000,2002,10,12,44.2704,236.82629,4750,14.134
14166000,2002,10,13,44.2704,236.82629,4710,11.2194
14166000,2002,10,14,44.2704,236.82629,4610,13.5334
14166000,2002,10,15,44.2704,236.82629,4540,13.2638
14166000,2002,10,16,44.2704,236.82629,4800,13.7629
14166000,2002,10,17,44.2704,236.82629,5020,12.9751
14166000,2002,10,18,44.2704,236.82629,5030,9.96677
14166000,2002,10,19,44.2704,236.82629,5030,10.9014
14166000,2002,10,20,44.2704,236.82629,5040,8.18784
14166000,2002,10,21,44.2704,236.82629,5050,9.05765
14166000,2002,10,22,44.2704,236.82629,5100,7.37479
14166000,2002,10,23,44.2704,236.82629,5130,8.10892
14166000,2002,10,24,44.2704,236.82629,5080,7.78555
14166000,2002,10,25,44.2704,236.82629,5110,8.19962
14166000,2002,10,26,44.2704,236.82629,5010,7.76376
14166000,2002,10,27,44.2704,236.82629,4940,15.2649
14166000,2002,10,28,44.2704,236.82629,4930,14.4687
14166000,2002,10,29,44.2704,236.82629,4800,11.487
14166000,2002,10,30,44.2704,236.82629,4590,9.07034
14166000,2002,10,31,44.2704,236.82629,4520,9.09506
14166000,2002,11,1,44.2704,236.82629,4430,8.3396
14166000,2002,11,2,44.2704,236.82629,4360,7.91611
14166000,2002,11,3,44.2704,236.82629,4370,7.32169
14166000,2002,11,4,44.2704,236.82629,4330,7.39981
14166000,2002,11,5,44.2704,236.82629,4350,7.92014
14166000,2002,11,6,44.2704,236.82629,4410,5.92972
14166000,2002,11,7,44.2704,236.82629,4440,2.63235
14166000,2002,11,8,44.2704,236.82629,4850,1.9635
14166000,2002,11,9,44.2704,236.82629,5740,2.58401
14166000,2002,11,10,44.2704,236.82629,7630,3.62125
14166000,2002,11,11,44.2704,236.82629,8110,5.94406
14166000,2002,11,12,44.2704,236.82629,7390,6.00107
14166000,2002,11,13,44.2704,236.82629,6610,2.8461
14166000,2002,11,14,44.2704,236.82629,6370,4.11038
14166000,2002,11,15,44.2704,236.82629,5910,3.70767
14166000,2002,11,16,44.2704,236.82629,5340,5.07462
14166000,2002,11,17,44.2704,236.82629,5640,6.62186
14166000,2002,11,21,44.2704,236.82629,4740,5.98407
14166000,2002,11,22,44.2704,236.82629,4490,6.1199
14166000,2002,11,23,44.2704,236.82629,4420,4.82272
14166000,2002,11,24,44.2704,236.82629,4470,3.44382
14166000,2002,11,25,44.2704,236.82629,4430,3.95358
14166000,2002,11,26,44.2704,236.82629,4360,6.95538
14166000,2002,11,27,44.2704,236.82629,4260,8.65817
14166000,2002,11,28,44.2704,236.82629,4220,7.65488
14166000,2002,11,29,44.2704,236.82629,4150,4.38126
14166000,2002,11,30,44.2704,236.82629,4050,2.42758
14166000,2002,12,1,44.2704,236.82629,3870,1.12625
14166000,2002,12,2,44.2704,236.82629,3840,0.836456
14166000,2002,12,3,44.2704,236.82629,3840,2.16708
14166000,2002,12,4,44.2704,236.82629,3880,-0.416534
14166000,2002,12,5,44.2704,236.82629,3850,-1.54141
14166000,2002,12,6,44.2704,236.82629,3520,-3.79221
14166000,2002,12,7,44.2704,236.82629,3180,-1.96024
14166000,2002,12,8,44.2704,236.82629,3140,-1.76663
14166000,2002,12,9,44.2704,236.82629,3130,1.11935
14166000,2002,12,10,44.2704,236.82629,3330,1.97375
14166000,2002,12,11,44.2704,236.82629,3700,1.92618
14166000,2002,12,12,44.2704,236.82629,4360,-0.0877686
14166000,2002,12,13,44.2704,236.82629,5590,0.0425415
14166000,2002,12,14,44.2704,236.82629,7060,-1.24252
14166000,2002,12,15,44.2704,236.82629,9000,-1.27115
14166000,2002,12,16,44.2704,236.82629,16000,-2.36002
14166000,2002,12,17,44.2704,236.82629,14400,-3.87497
14166000,2002,12,18,44.2704,236.82629,12200,-5.46106
14166000,2002,12,19,44.2704,236.82629,9680,-6.96207
14166000,2002,12,20,44.2704,236.82629,7990,-7.7648
14166000,2002,12,21,44.2704,236.82629,8010,-3.31387
14166000,2002,12,22,44.2704,236.82629,10800,-3.15652
14166000,2002,12,23,44.2704,236.82629,9210,-10.672
14166000,2002,12,24,44.2704,236.82629,7970,-6.31064
14166000,2002,12,25,44.2704,236.82629,7000,0.189789
14166000,2002,12,26,44.2704,236.82629,7090,3.08835
14166000,2002,12,27,44.2704,236.82629,12400,-3.10403
14166000,2002,12,28,44.2704,236.82629,21300,-9.40997
14166000,2002,12,29,44.2704,236.82629,26700,-13.8679
14166000,2002,12,30,44.2704,236.82629,24500,-7.73294
14166000,2002,12,31,44.2704,236.82629,36600,-4.15811
14166000,2003,1,1,44.2704,236.82629,32000,-0.727631
14166000,2003,1,2,44.2704,236.82629,27300,1.52121
14166000,2003,1,3,44.2704,236.82629,30500,4.23514
14166000,2003,1,4,44.2704,236.82629,32000,3.98868
14166000,2003,1,5,44.2704,236.82629,31800,5.67767
14166000,2003,1,6,44.2704,236.82629,27600,7.13348
14166000,2003,1,7,44.2704,236.82629,23700,7.50888
14166000,2003,1,8,44.2704,236.82629,20300,3.75369
14166000,2003,1,9,44.2704,236.82629,16500,5.61288
14166000,2003,1,10,44.2704,236.82629,14400,4.86099
14166000,2003,1,11,44.2704,236.82629,13400,6.789
14166000,2003,1,12,44.2704,236.82629,13000,6.87772
14166000,2003,1,13,44.2704,236.82629,16300,4.6409
14166000,2003,1,14,44.2704,236.82629,17600,4.92166
14166000,2003,1,15,44.2704,236.82629,16000,4.25876
14166000,2003,1,16,44.2704,236.82629,13900,4.55569
14166000,2003,1,17,44.2704,236.82629,12300,3.51315
14166000,2003,1,18,44.2704,236.82629,10800,4.66681
14166000,2003,1,19,44.2704,236.82629,9720,7.07968
14166000,2003,1,20,44.2704,236.82629,8730,8.21027
14166000,2003,1,21,44.2704,236.82629,8140,9.37009
14166000,2003,1,22,44.2704,236.82629,7880,8.01474
14166000,2003,1,23,44.2704,236.82629,8270,6.72134
14166000,2003,1,24,44.2704,236.82629,8730,6.1644
14166000,2003,1,25,44.2704,236.82629,11200,6.35648
14166000,2003,1,26,44.2704,236.82629,14100,5.58206
14166000,2003,1,27,44.2704,236.82629,24700,6.74533
14166000,2003,1,28,44.2704,236.82629,27700,6.69016
14166000,2003,1,29,44.2704,236.82629,23600,5.45865
14166000,2003,1,30,44.2704,236.82629,26000,1.98178
14166000,2003,1,31,44.2704,236.82629,34000,4.03323
14166000,2003,2,1,44.2704,236.82629,34900,5.7717
14166000,2003,2,2,44.2704,236.82629,32200,4.26627
14166000,2003,2,3,44.2704,236.82629,29900,5.60056
14166000,2003,2,4,44.2704,236.82629,27700,6.74344
14166000,2003,2,5,44.2704,236.82629,25100,6.21878
14166000,2003,2,6,44.2704,236.82629,22100,7.17908
14166000,2003,2,7,44.2704,236.82629,18400,7.60156
14166000,2003,2,8,44.2704,236.82629,15700,9.70078
14166000,2003,2,9,44.2704,236.82629,13200,9.61411
14166000,2003,2,10,44.2704,236.82629,11600,9.30484
14166000,2003,2,11,44.2704,236.82629,10200,8.88742
14166000,2003,2,12,44.2704,236.82629,8640,10.7848
14166000,2003,2,13,44.2704,236.82629,7690,10.615
14166000,2003,2,14,44.2704,236.82629,7270,8.93655
14166000,2003,2,15,44.2704,236.82629,6990,7.71359
14166000,2003,2,16,44.2704,236.82629,7580,7.64542
14166000,2003,2,17,44.2704,236.82629,9600,5.85327
14166000,2003,2,18,44.2704,236.82629,12200,5.52463
14166000,2003,2,19,44.2704,236.82629,12900,4.36722
14166000,2003,2,20,44.2704,236.82629,11600,4.56003
14166000,2003,2,21,44.2704,236.82629,11000,5.09259
14166000,2003,2,22,44.2704,236.82629,11300,1.5347
14166000,2003,2,23,44.2704,236.82629,11100,-0.452911
14166000,2003,2,24,44.2704,236.82629,10500,-1.40738
14166000,2003,2,25,44.2704,236.82629,9520,0.0327454
14166000,2003,2,26,44.2704,236.82629,8680,1.4512
14166000,2003,2,27,44.2704,236.82629,7990,4.28702
14166000,2003,2,28,44.2704,236.82629,7500,6.37271
14166000,2003,3,1,44.2704,236.82629,7000,6.66202
14166000,2003,3,2,44.2704,236.82629,6650,9.88547
14166000,2003,3,3,44.2704,236.82629,6550,11.0626
14166000,2003,3,4,44.2704,236.82629,6800,8.31445
14166000,2003,3,5,44.2704,236.82629,6680,7.83218
14166000,2003,3,6,44.2704,236.82629,8030,9.99445
14166000,2003,3,7,44.2704,236.82629,16500,10.4215
14166000,2003,3,8,44.2704,236.82629,24300,10.4221
14166000,2003,3,9,44.2704,236.82629,21200,13.5227
14166000,2003,3,10,44.2704,236.82629,20000,14.5512
14166000,2003,3,11,44.2704,236.82629,19300,13.8734
14166000,2003,3,12,44.2704,236.82629,19700,11.6637
14166000,2003,3,13,44.2704,236.82629,19800,11.7887
14166000,2003,3,14,44.2704,236.82629,17200,9.56021
14166000,2003,3,15,44.2704,236.82629,14300,7.19476
14166000,2003,3,16,44.2704,236.82629,12700,9.93704
14166000,2003,3,17,44.2704,236.82629,12000,11.302
14166000,2003,3,18,44.2704,236.82629,11000,8.19345
14166000,2003,3,19,44.2704,236.82629,10300,8.5437
14166000,2003,3,20,44.2704,236.82629,10800,7.54446
14166000,2003,3,21,44.2704,236.82629,11400,8.7858
14166000,2003,3,22,44.2704,236.82629,17900,10.0513
14166000,2003,3,23,44.2704,236.82629,26100,10.1129
14166000,2003,3,24,44.2704,236.82629,21700,9.4678
14166000,2003,3,25,44.2704,236.82629,22400,6.59766
14166000,2003,3,26,44.2704,236.82629,32100,8.6058
14166000,2003,3,27,44.2704,236.82629,36900,8.14478
14166000,2003,3,28,44.2704,236.82629,33800,9.78391
14166000,2003,3,29,44.2704,236.82629,29700,10.9556
14166000,2003,3,30,44.2704,236.82629,25000,9.11053
14166000,2003,3,31,44.2704,236.82629,21900,6.93845
14166000,2003,4,1,44.2704,236.82629,21200,7.81241
14166000,2003,4,2,44.2704,236.82629,19800,9.52817
14166000,2003,4,3,44.2704,236.82629,18300,5.61697
14166000,2003,4,4,44.2704,236.82629,16300,5.3494
14166000,2003,4,5,44.2704,236.82629,15200,6.12314
14166000,2003,4,6,44.2704,236.82629,16000,7.77042
14166000,2003,4,7,44.2704,236.82629,16100,7.65207
14166000,2003,4,8,44.2704,236.82629,15300,6.6384
14166000,2003,4,9,44.2704,236.82629,15000,6.65411
14166000,2003,4,10,44.2704,236.82629,15200,7.15054
14166000,2003,4,11,44.2704,236.82629,15400,9.87833
14166000,2003,4,12,44.2704,236.82629,16100,11.1436
14166000,2003,4,13,44.2704,236.82629,17600,10.5391
14166000,2003,4,14,44.2704,236.82629,18100,12.5703
14166000,2003,4,15,44.2704,236.82629,17600,12.063
14166000,2003,4,16,44.2704,236.82629,16900,7.98929
14166000,2003,4,17,44.2704,236.82629,16400,10.0682
14166000,2003,4,18,44.2704,236.82629,16900,7.96927
14166000,2003,4,19,44.2704,236.82629,16000,8.12384
14166000,2003,4,20,44.2704,236.82629,15000,7.65945
14166000,2003,4,21,44.2704,236.82629,15300,8.38638
14166000,2003,4,22,44.2704,236.82629,14700,11.2635
14166000,2003,4,23,44.2704,236.82629,14300,13.3603
14166000,2003,4,24,44.2704,236.82629,18800,14.6691
14166000,2003,4,25,44.2704,236.82629,19400,14.3192
14166000,2003,4,26,44.2704,236.82629,17900,13.5164
14166000,2003,4,27,44.2704,236.82629,15500,11.3246
14166000,2003,4,28,44.2704,236.82629,14000,9.53116
14166000,2003,4,29,44.2704,236.82629,11600,9.94119
14166000,2003,4,30,44.2704,236.82629,9790,11.1482
14166000,2003,5,1,44.2704,236.82629,9140,12.614
14166000,2003,5,2,44.2704,236.82629,8620,13.687
14166000,2003,5,3,44.2704,236.82629,8600,13.3795
14166000,2003,5,4,44.2704,236.82629,9230,13.3528
14166000,2003,5,5,44.2704,236.82629,10400,11.744
14166000,2003,5,6,44.2704,236.82629,10200,13.438
14166000,2003,5,7,44.2704,236.82629,9490,13.7119
14166000,2003,5,8,44.2704,236.82629,9480,14.6177
14166000,2003,5,9,44.2704,236.82629,9380,12.8234
14166000,2003,5,10,44.2704,236.82629,9080,13.4469
14166000,2003,5,11,44.2704,236.82629,8880,15.6978
14166000,2003,5,12,44.2704,236.82629,8840,13.2582
14166000,2003,5,13,44.2704,236.82629,8750,16.7526
14166000,2003,5,14,44.2704,236.82629,8760,19.4837
14166000,2003,5,15,44.2704,236.82629,8700,19.8152
14166000,2003,5,16,44.2704,236.82629,8890,15.3608
14166000,2003,5,17,44.2704,236.82629,9330,13.8509
14166000,2003,5,18,44.2704,236.82629,9360,15.9383
14166000,2003,5,19,44.2704,236.82629,9220,18.3716
14166000,2003,5,20,44.2704,236.82629,8770,19.6597
14166000,2003,5,21,44.2704,236.82629,8560,13.8116
14166000,2003,5,22,44.2704,236.82629,8190,10.5504
14166000,2003,5,23,44.2704,236.82629,8180,10.4864
14166000,2003,5,24,44.2704,236.82629,7940,9.18842
14166000,2003,5,25,44.2704,236.82629,7990,13.2004
14166000,2003,5,26,44.2704,236.82629,7930,15.7411
14166000,2003,5,27,44.2704,236.82629,7750,18.0138
14166000,2003,5,28,44.2704,236.82629,7880,18.3225
14166000,2003,5,29,44.2704,236.82629,8080,17.3675
14166000,2003,5,30,44.2704,236.82629,8070,15.2141
14166000,2003,5,31,44.2704,236.82629,7960,14.7559
14166000,2003,6,1,44.2704,236.82629,7640,10.3686
14166000,2003,6,2,44.2704,236.82629,7680,11.5847
14166000,2003,6,3,44.2704,236.82629,8100,12.8659
14166000,2003,6,4,44.2704,236.82629,8500,13.7591
14166000,2003,6,5,44.2704,236.82629,8430,14.7166
14166000,2003,6,6,44.2704,236.82629,8350,16.11
14166000,2003,6,7,44.2704,236.82629,8300,16.6277
14166000,2003,6,8,44.2704,236.82629,8440,18.8405
14166000,2003,6,9,44.2704,236.82629,8610,18.9795
14166000,2003,6,10,44.2704,236.82629,8460,18.6781
14166000,2003,6,11,44.2704,236.82629,7940,16.7867
14166000,2003,6,12,44.2704,236.82629,7160,16.0115
14166000,2003,6,13,44.2704,236.82629,6530,16.9896
14166000,2003,6,14,44.2704,236.82629,5910,16.7862
14166000,2003,6,15,44.2704,236.82629,5360,13.1372
14166000,2003,6,16,44.2704,236.82629,5140,14.3449
14166000,2003,6,17,44.2704,236.82629,4880,16.9239
14166000,2003,6,18,44.2704,236.82629,4600,15.3025
14166000,2003,6,19,44.2704,236.82629,4550,13.4701
14166000,2003,6,20,44.2704,236.82629,4480,12.7482
14166000,2003,6,21,44.2704,236.82629,4550,14.8195
14166000,2003,6,22,44.2704,236.82629,4500,15.1124
14166000,2003,6,23,44.2704,236.82629,4550,15.2198
14166000,2003,6,24,44.2704,236.82629,4540,17.9575
14166000,2003,6,25,44.2704,236.82629,4470,17.6787
14166000,2003,6,26,44.2704,236.82629,4410,18.9564
14166000,2003,6,27,44.2704,236.82629,4390,17.7261
14166000,2003,6,28,44.2704,236.82629,4460,18.9616
14166000,2003,6,29,44.2704,236.82629,4490,22.5872
14166000,2003,6,30,44.2704,236.82629,4610,21.0031
14166000,2003,7,1,44.2704,236.82629,4550,16.1419
14166000,2003,7,2,44.2704,236.82629,4520,17.665
14166000,2003,7,3,44.2704,236.82629,4490,17.2899
14166000,2003,7,4,44.2704,236.82629,4570,18.5102
14166000,2003,7,5,44.2704,236.82629,4640,17.6017
14166000,2003,7,6,44.2704,236.82629,4590,15.4958
14166000,2003,7,7,44.2704,236.82629,4570,11.7539
14166000,2003,7,8,44.2704,236.82629,4550,13.1402
14166000,2003,7,9,44.2704,236.82629,4750,18.1848
14166000,2003,7,10,44.2704,236.82629,4710,19.6111
14166000,2003,7,11,44.2704,236.82629,4690,21.2708
14166000,2003,7,12,44.2704,236.82629,4710,21.2954
14166000,2003,7,13,44.2704,236.82629,4710,23.3694
14166000,2003,7,14,44.2704,236.82629,4710,25.0066
14166000,2003,7,15,44.2704,236.82629,4690,22.2792
14166000,2003,7,16,44.2704,236.82629,4720,20.2224
14166000,2003,7,17,44.2704,236.82629,4760,19.6674
14166000,2003,7,18,44.2704,236.82629,4790,19.4455
14166000,2003,7,19,44.2704,236.82629,4750,21.4647
14166000,2003,7,20,44.2704,236.82629,4710,22.1256
14166000,2003,7,21,44.2704,236.82629,4660,24.8263
14166000,2003,7,22,44.2704,236.82629,4630,24.4206
14166000,2003,7,23,44.2704,236.82629,4650,23.7317
14166000,2003,7,24,44.2704,236.82629,4740,20.6369
14166000,2003,7,25,44.2704,236.82629,4750,21.1376
14166000,2003,7,26,44.2704,236.82629,4780,22.1947
14166000,2003,7,27,44.2704,236.82629,4800,21.31
14166000,2003,7,28,44.2704,236.82629,4790,20.5136
14166000,2003,7,29,44.2704,236.82629,4750,18.5129
14166000,2003,7,30,44.2704,236.82629,4670,21.459
14166000,2003,7,31,44.2704,236.82629,4560,23.3588
14166000,2003,8,1,44.2704,236.82629,4630,24.9309
14166000,2003,8,2,44.2704,236.82629,4940,26.2394
14166000,2003,8,3,44.2704,236.82629,4970,25.1547
14166000,2003,8,4,44.2704,236.82629,4740,22.2845
14166000,2003,8,5,44.2704,236.82629,4770,24.6492
14166000,2003,8,6,44.2704,236.82629,4740,22.4965
14166000,2003,8,7,44.2704,236.82629,4700,21.4802
14166000,2003,8,8,44.2704,236.82629,4730,21.8238
14166000,2003,8,9,44.2704,236.82629,4630,20.6748
14166000,2003,8,10,44.2704,236.82629,4610,19.8177
14166000,2003,8,11,44.2704,236.82629,4660,21.6984
14166000,2003,8,12,44.2704,236.82629,4640,22.2024
14166000,2003,8,13,44.2704,236.82629,4580,20.6215
14166000,2003,8,14,44.2704,236.82629,4640,20.5631
14166000,2003,8,15,44.2704,236.82629,4760,19.7235
14166000,2003,8,16,44.2704,236.82629,4810,17.4255
14166000,2003,8,17,44.2704,236.82629,4820,18.0586
14166000,2003,8,18,44.2704,236.82629,4820,19.8582
14166000,2003,8,19,44.2704,236.82629,4750,19.9746
14166000,2003,8,20,44.2704,236.82629,4700,21.1049
14166000,2003,8,21,44.2704,236.82629,4770,21.1287
14166000,2003,8,22,44.2704,236.82629,4760,18.2719
14166000,2003,8,23,44.2704,236.82629,4810,18.8364
14166000,2003,8,24,44.2704,236.82629,4770,20.0792
14166000,2003,8,25,44.2704,236.82629,4770,19.2531
14166000,2003,8,26,44.2704,236.82629,4710,18.8665
14166000,2003,8,27,44.2704,236.82629,4660,20.4612
14166000,2003,8,28,44.2704,236.82629,4650,20.2519
14166000,2003,8,29,44.2704,236.82629,4680,19.7443
14166000,2003,8,30,44.2704,236.82629,4700,17.5593
14166000,2003,8,31,44.2704,236.82629,4710,19.7529
14166000,2003,9,1,44.2704,236.82629,4690,21.4526
14166000,2003,9,2,44.2704,236.82629,4620,22.6464
14166000,2003,9,3,44.2704,236.82629,4550,19.6308
14166000,2003,9,4,44.2704,236.82629,4520,17.8855
14166000,2003,9,5,44.2704,236.82629,4560,16.2833
14166000,2003,9,6,44.2704,236.82629,4590,16.3932
14166000,2003,9,7,44.2704,236.82629,4690,17.9515
14166000,2003,9,8,44.2704,236.82629,4800,16.9892
14166000,2003,9,9,44.2704,236.82629,5020,17.5184
14166000,2003,9,10,44.2704,236.82629,4960,16.9445
14166000,2003,9,11,44.2704,236.82629,4820,17.451
14166000,2003,9,12,44.2704,236.82629,4840,18.1901
14166000,2003,9,13,44.2704,236.82629,4750,18.481
14166000,2003,9,14,44.2704,236.82629,4710,19.8587
14166000,2003,9,15,44.2704,236.82629,4670,17.9662
14166000,2003,9,16,44.2704,236.82629,4660,19.067
14166000,2003,9,17,44.2704,236.82629,4710,20.2071
14166000,2003,9,18,44.2704,236.82629,4680,19.3265
14166000,2003,9,19,44.2704,236.82629,4640,16.762
14166000,2003,9,20,44.2704,236.82629,4590,15.5414
14166000,2003,9,21,44.2704,236.82629,4550,17.4628
14166000,2003,9,22,44.2704,236.82629,4580,17.5452
14166000,2003,9,23,44.2704,236.82629,4610,16.8122
14166000,2003,9,24,44.2704,236.82629,4570,18.2003
14166000,2003,9,25,44.2704,236.82629,4610,19.0927
14166000,2003,9,26,44.2704,236.82629,4580,20.4468
14166000,2003,9,27,44.2704,236.82629,4570,21.7788
14166000,2003,9,28,44.2704,236.82629,4590,21.0772
14166000,2003,9,29,44.2704,236.82629,4560,18.5779
14166000,2003,9,30,44.2704,236.82629,4360,16.468
14166000,2003,10,1,44.2704,236.82629,4010,16.3482
14166000,2003,10,2,44.2704,236.82629,3970,12.7331
14166000,2003,10,3,44.2704,236.82629,3960,12.8127
14166000,2003,10,4,44.2704,236.82629,3950,13.9049
14166000,2003,10,5,44.2704,236.82629,3950,16.5451
14166000,2003,10,6,44.2704,236.82629,3960,16.8438
14166000,2003,10,7,44.2704,236.82629,4000,16.0686
14166000,2003,10,8,44.2704,236.82629,3980,16.6077
14166000,2003,10,9,44.2704,236.82629,3990,17.8846
14166000,2003,10,10,44.2704,236.82629,4010,19.404
14166000,2003,10,11,44.2704,236.82629,4100,18.789
14166000,2003,10,12,44.2704,236.82629,4270,16.401
14166000,2003,10,13,44.2704,236.82629,4210,15.1392
14166000,2003,10,14,44.2704,236.82629,4080,12.4506
14166000,2003,10,15,44.2704,236.82629,4060,11.3229
14166000,2003,10,16,44.2704,236.82629,4240,11.7953
14166000,2003,10,17,44.2704,236.82629,4130,12.3991
14166000,2003,10,18,44.2704,236.82629,4090,10.3961
14166000,2003,10,19,44.2704,236.82629,4110,8.57367
14166000,2003,10,20,44.2704,236.82629,4130,10.0465
14166000,2003,10,21,44.2704,236.82629,4100,10.1393
14166000,2003,10,22,44.2704,236.82629,4110,10.8739
14166000,2003,10,23,44.2704,236.82629,4170,11.9955
14166000,2003,10,24,44.2704,236.82629,4190,9.40533
14166000,2003,10,25,44.2704,236.82629,4160,10.2755
14166000,2003,10,26,44.2704,236.82629,4170,11.6023
14166000,2003,10,27,44.2704,236.82629,4140,10.9447
14166000,2003,10,28,44.2704,236.82629,4180,9.72406
14166000,2003,10,29,44.2704,236.82629,4200,11.1108
14166000,2003,10,30,44.2704,236.82629,4190,11.6077
14166000,2003,10,31,44.2704,236.82629,4040,12.3291
14166000,2003,11,1,44.2704,236.82629,3980,12.779
14166000,2003,11,2,44.2704,236.82629,4000,14.8764
14166000,2003,11,3,44.2704,236.82629,4200,14.7365
14166000,2003,11,4,44.2704,236.82629,4050,11.5133
14166000,2003,11,5,44.2704,236.82629,3910,9.3631
14166000,2003,11,6,44.2704,236.82629,3910,8.36697
14166000,2003,11,7,44.2704,236.82629,3910,9.41519
14166000,2003,11,8,44.2704,236.82629,3900,10.5017
14166000,2003,11,9,44.2704,236.82629,3880,10.011
14166000,2003,11,10,44.2704,236.82629,3850,8.87869
14166000,2003,11,11,44.2704,236.82629,3880,9.31433
14166000,2003,11,12,44.2704,236.82629,4030,8.20914
14166000,2003,11,13,44.2704,236.82629,4020,8.08633
14166000,2003,11,14,44.2704,236.82629,4010,7.45547
14166000,2003,11,15,44.2704,236.82629,4090,6.47012
14166000,2003,11,16,44.2704,236.82629,4180,4.29758
14166000,2003,11,17,44.2704,236.82629,5120,6.24435
14166000,2003,11,18,44.2704,236.82629,6260,7.60681
14166000,2003,11,19,44.2704,236.82629,6280,8.14279
14166000,2003,11,20,44.2704,236.82629,6850,7.88727
14166000,2003,11,21,44.2704,236.82629,6230,6.9827
14166000,2003,11,22,44.2704,236.82629,5430,3.67163
14166000,2003,11,23,44.2704,236.82629,5050,3.15067
14166000,2003,11,24,44.2704,236.82629,4890,5.28183
14166000,2003,11,25,44.2704,236.82629,5000,7.91406
14166000,2003,11,26,44.2704,236.82629,5260,6.07477
14166000,2003,11,27,44.2704,236.82629,5270,9.14847
14166000,2003,11,28,44.2704,236.82629,5020,6.55807
14166000,2003,11,29,44.2704,236.82629,9260,2.96878
14166000,2003,11,30,44.2704,236.82629,15700,3.92453
14166000,2003,12,1,44.2704,236.82629,13000,5.18936
14166000,2003,12,2,44.2704,236.82629,12700,6.48709
14166000,2003,12,3,44.2704,236.82629,12900,6.94547
14166000,2003,12,4,44.2704,236.82629,13500,6.43036
14166000,2003,12,5,44.2704,236.82629,13900,8.58395
14166000,2003,12,6,44.2704,236.82629,17400,9.27634
14166000,2003,12,7,44.2704,236.82629,18900,8.37234
14166000,2003,12,8,44.2704,236.82629,19200,6.75583
14166000,2003,12,9,44.2704,236.82629,16600,6.435
14166000,2003,12,10,44.2704,236.82629,17500,4.88071
14166000,2003,12,11,44.2704,236.82629,15900,5.66776
14166000,2003,12,12,44.2704,236.82629,14600,4.46909
14166000,2003,12,13,44.2704,236.82629,27200,5.82742
14166000,2003,12,14,44.2704,236.82629,54900,6.79419
14166000,2003,12,15,44.2704,236.82629,41800,7.69281
14166000,2003,12,16,44.2704,236.82629,39400,8.60974
14166000,2003,12,17,44.2704,236.82629,37100,5.13974
14166000,2003,12,18,44.2704,236.82629,34400,1.38919
14166000,2003,12,19,44.2704,236.82629,31100,1.36111
14166000,2003,12,20,44.2704,236.82629,29000,2.13535
14166000,2003,12,21,44.2704,236.82629,26400,4.21097
14166000,2003,12,22,44.2704,236.82629,22300,4.21884
14166000,2003,12,23,44.2704,236.82629,17800,1.65536
14166000,2003,12,24,44.2704,236.82629,15800,-0.0826111
14166000,2003,12,25,44.2704,236.82629,16100,0.593048
14166000,2003,12,26,44.2704,236.82629,16200,1.72623
14166000,2003,12,27,44.2704,236.82629,15400,3.01987
14166000,2003,12,28,44.2704,236.82629,18400,2.85721
14166000,2003,12,29,44.2704,236.82629,29000,1.66177
14166000,2003,12,30,44.2704,236.82629,28400,2.84619
14166000,2003,12,31,44.2704,236.82629,25300,3.24902
14166000,2004,1,1,44.2704,236.82629,24500,5.4212
14166000,2004,1,2,44.2704,236.82629,24000,4.91696
14166000,2004,1,3,44.2704,236.82629,20100,4.09732
14166000,2004,1,4,44.2704,236.82629,17600,2.07693
14166000,2004,1,5,44.2704,236.82629,15500,2.36142
14166000,2004,1,6,44.2704,236.82629,14400,3.20346
14166000,2004,1,7,44.2704,236.82629,16200,5.11398
14166000,2004,1,8,44.2704,236.82629,21200,5.48163
14166000,2004,1,9,44.2704,236.82629,24700,7.68436
14166000,2004,1,10,44.2704,236.82629,25500,9.37509
14166000,2004,1,11,44.2704,236.82629,24100,6.43723
14166000,2004,1,12,44.2704,236.82629,22300,3.73108
14166000,2004,1,13,44.2704,236.82629,21500,2.74277
14166000,2004,1,14,44.2704,236.82629,21200,1.86334
14166000,2004,1,15,44.2704,236.82629,22900,4.31631
14166000,2004,1,16,44.2704,236.82629,23100,4.91232
14166000,2004,1,17,44.2704,236.82629,20100,3.6293
14166000,2004,1,18,44.2704,236.82629,18200,3.89233
14166000,2004,1,19,44.2704,236.82629,18500,5.71292
14166000,2004,1,20,44.2704,236.82629,21400,5.14252
14166000,2004,1,21,44.2704,236.82629,20400,6.75772
14166000,2004,1,22,44.2704,236.82629,18500,6.45627
14166000,2004,1,23,44.2704,236.82629,17000,6.043
14166000,2004,1,24,44.2704,236.82629,26900,4.50629
14166000,2004,1,25,44.2704,236.82629,30200,4.99417
14166000,2004,1,26,44.2704,236.82629,28300,6.56808
14166000,2004,1,27,44.2704,236.82629,28300,5.99857
14166000,2004,1,28,44.2704,236.82629,28500,7.18674
14166000,2004,1,29,44.2704,236.82629,31000,7.64938
14166000,2004,1,30,44.2704,236.82629,27600,8.16299
14166000,2004,1,31,44.2704,236.82629,34400,8.45816
14166000,2004,2,1,44.2704,236.82629,34500,8.54855
14166000,2004,2,2,44.2704,236.82629,33600,8.15994
14166000,2004,2,3,44.2704,236.82629,30600,9.29745
14166000,2004,2,4,44.2704,236.82629,27600,6.56116
14166000,2004,2,5,44.2704,236.82629,24400,7.13022
14166000,2004,2,6,44.2704,236.82629,21200,8.29904
14166000,2004,2,7,44.2704,236.82629,21400,6.91293
14166000,2004,2,8,44.2704,236.82629,19900,6.55081
14166000,2004,2,9,44.2704,236.82629,17200,6.70938
14166000,2004,2,10,44.2704,236.82629,15000,6.96457
14166000,2004,2,11,44.2704,236.82629,12800,3.57895
14166000,2004,2,12,44.2704,236.82629,11300,3.59268
14166000,2004,2,13,44.2704,236.82629,10100,7.14487
14166000,2004,2,14,44.2704,236.82629,9090,10.4021
14166000,2004,2,15,44.2704,236.82629,8950,9.70395
14166000,2004,2,16,44.2704,236.82629,9360,10.2959
14166000,2004,2,17,44.2704,236.82629,13500,8.38956
14166000,2004,2,18,44.2704,236.82629,17100,7.80148
14166000,2004,2,19,44.2704,236.82629,17700,9.77325
14166000,2004,2,20,44.2704,236.82629,16200,10.0663
14166000,2004,2,21,44.2704,236.82629,13900,11.4589
14166000,2004,2,22,44.2704,236.82629,12200,9.89261
14166000,2004,2,23,44.2704,236.82629,11000,8.24631
14166000,2004,2,24,44.2704,236.82629,10700,7.67191
14166000,2004,2,25,44.2704,236.82629,10400,8.19327
14166000,2004,2,26,44.2704,236.82629,10000,8.62619
14166000,2004,2,27,44.2704,236.82629,10200,8.96307
14166000,2004,2,28,44.2704,236.82629,10300,10.3206
14166000,2004,2,29,44.2704,236.82629,10000,8.9581
14166000,2004,3,1,44.2704,236.82629,10600,8.9581
14166000,2004,3,2,44.2704,236.82629,10600,9.34335
14166000,2004,3,3,44.2704,236.82629,9880,9.41556
14166000,2004,3,4,44.2704,236.82629,10100,10.0746
14166000,2004,3,5,44.2704,236.82629,11100,10.9173
14166000,2004,3,6,44.2704,236.82629,12200,11.7942
14166000,2004,3,7,44.2704,236.82629,12100,11.851
14166000,2004,3,8,44.2704,236.82629,11300,12.9176
14166000,2004,3,9,44.2704,236.82629,10800,11.8991
14166000,2004,3,10,44.2704,236.82629,10800,11.0864
14166000,2004,3,11,44.2704,236.82629,10200,8.72086
14166000,2004,3,12,44.2704,236.82629,9600,9.08609
14166000,2004,3,13,44.2704,236.82629,9330,9.89969
14166000,2004,3,14,44.2704,236.82629,9110,9.34055
14166000,2004,3,15,44.2704,236.82629,8740,10.4674
14166000,2004,3,16,44.2704,236.82629,8200,12.4303
14166000,2004,3,17,44.2704,236.82629,7560,10.4794
14166000,2004,3,18,44.2704,236.82629,7330,9.90714
14166000,2004,3,19,44.2704,236.82629,7360,10.5622
14166000,2004,3,20,44.2704,236.82629,7140,10.6628
14166000,2004,3,21,44.2704,236.82629,6880,12.3097
14166000,2004,3,22,44.2704,236.82629,6770,11.839
14166000,2004,3,23,44.2704,236.82629,6740,10.6369
14166000,2004,3,24,44.2704,236.82629,6830,10.9959
14166000,2004,3,25,44.2704,236.82629,6840,11.1864
14166000,2004,3,26,44.2704,236.82629,7170,11.7072
14166000,2004,3,27,44.2704,236.82629,7510,12.0737
14166000,2004,3,28,44.2704,236.82629,7820,10.7867
14166000,2004,3,29,44.2704,236.82629,7440,11.7962
14166000,2004,3,30,44.2704,236.82629,7910,12.2072
14166000,2004,3,31,44.2704,236.82629,9260,11.5468
14166000,2004,4,1,44.2704,236.82629,9580,10.6048
14166000,2004,4,2,44.2704,236.82629,9490,10.4986
14166000,2004,4,3,44.2704,236.82629,9000,10.5137
14166000,2004,4,4,44.2704,236.82629,8850,10.1143
14166000,2004,4,5,44.2704,236.82629,8810,12.6312
14166000,2004,4,6,44.2704,236.82629,10000,12.9412
14166000,2004,4,7,44.2704,236.82629,10000,13.675
14166000,2004,4,8,44.2704,236.82629,9440,11.5443
14166000,2004,4,9,44.2704,236.82629,9170,10.4474
14166000,2004,4,10,44.2704,236.82629,9060,11.6053
14166000,2004,4,11,44.2704,236.82629,8970,12.0907
14166000,2004,4,12,44.2704,236.82629,8710,9.47394
14166000,2004,4,13,44.2704,236.82629,8800,9.71814
14166000,2004,4,14,44.2704,236.82629,9170,9.55582
14166000,2004,4,15,44.2704,236.82629,9680,10.1616
14166000,2004,4,16,44.2704,236.82629,9890,8.37436
14166000,2004,4,17,44.2704,236.82629,9200,10.315
14166000,2004,4,18,44.2704,236.82629,8400,11.1515
14166000,2004,4,19,44.2704,236.82629,8000,14.307
14166000,2004,4,20,44.2704,236.82629,8570,14.6761
14166000,2004,4,21,44.2704,236.82629,11700,10.5014
14166000,2004,4,22,44.2704,236.82629,13200,10.2126
14166000,2004,4,23,44.2704,236.82629,10600,12.2041
14166000,2004,4,24,44.2704,236.82629,9200,13.9704
14166000,2004,4,25,44.2704,236.82629,8100,14.343
14166000,2004,4,26,44.2704,236.82629,7900,12.8793
14166000,2004,4,27,44.2704,236.82629,8040,11.8383
14166000,2004,4,28,44.2704,236.82629,8110,12.6753
14166000,2004,4,29,44.2704,236.82629,8250,13.4205
14166000,2004,4,30,44.2704,236.82629,8170,12.6553
14166000,2004,5,1,44.2704,236.82629,8180,11.7439
14166000,2004,5,2,44.2704,236.82629,8360,12.8094
14166000,2004,5,3,44.2704,236.82629,8400,14.1766
14166000,2004,5,4,44.2704,236.82629,8730,14.5504
14166000,2004,5,5,44.2704,236.82629,9170,13.9596
14166000,2004,5,6,44.2704,236.82629,9310,13.9106
14166000,2004,5,7,44.2704,236.82629,9630,12.9513
14166000,2004,5,8,44.2704,236.82629,9550,13.2928
14166000,2004,5,9,44.2704,236.82629,9180,14.959
14166000,2004,5,10,44.2704,236.82629,9000,15.1378
14166000,2004,5,11,44.2704,236.82629,9550,14.7462
14166000,2004,5,12,44.2704,236.82629,10500,13.5549
14166000,2004,5,13,44.2704,236.82629,10300,12.0706
14166000,2004,5,14,44.2704,236.82629,9740,12.9002
14166000,2004,5,15,44.2704,236.82629,9280,14.743
14166000,2004,5,16,44.2704,236.82629,9160,12.2592
14166000,2004,5,17,44.2704,236.82629,8990,9.31931
14166000,2004,5,18,44.2704,236.82629,9150,13.0494
14166000,2004,5,19,44.2704,236.82629,10300,14.493
14166000,2004,5,20,44.2704,236.82629,10400,17.7306
14166000,2004,5,21,44.2704,236.82629,10400,20.3902
14166000,2004,5,22,44.2704,236.82629,10300,21.4355
14166000,2004,5,23,44.2704,236.82629,10100,13.2331
14166000,2004,5,24,44.2704,236.82629,10000,18.1013
14166000,2004,5,25,44.2704,236.82629,9520,20.8938
14166000,2004,5,26,44.2704,236.82629,9190,17.1466
14166000,2004,5,27,44.2704,236.82629,9230,13.9172
14166000,2004,5,28,44.2704,236.82629,12700,17.3653
14166000,2004,5,29,44.2704,236.82629,17700,18.8271
14166000,2004,5,30,44.2704,236.82629,15600,13.7506
14166000,2004,5,31,44.2704,236.82629,13100,12.5508
14166000,2004,6,1,44.2704,236.82629,11000,11.9623
14166000,2004,6,2,44.2704,236.82629,9200,14.9276
14166000,2004,6,3,44.2704,236.82629,8100,17.3501
14166000,2004,6,4,44.2704,236.82629,7470,16.9633
14166000,2004,6,5,44.2704,236.82629,7050,20.0858
14166000,2004,6,6,44.2704,236.82629,7030,17.4719
14166000,2004,6,7,44.2704,236.82629,7180,16.8228
14166000,2004,6,8,44.2704,236.82629,8000,17.6776
14166000,2004,6,9,44.2704,236.82629,10600,17.7818
14166000,2004,6,10,44.2704,236.82629,12200,18.1416
14166000,2004,6,11,44.2704,236.82629,13100,17.7736
14166000,2004,6,12,44.2704,236.82629,12200,14.554
14166000,2004,6,13,44.2704,236.82629,10400,14.0514
14166000,2004,6,14,44.2704,236.82629,8500,14.8512
14166000,2004,6,15,44.2704,236.82629,7340,16.3157
14166000,2004,6,16,44.2704,236.82629,6850,17.1844
14166000,2004,6,17,44.2704,236.82629,6520,16.8696
14166000,2004,6,18,44.2704,236.82629,6130,15.4797
14166000,2004,6,19,44.2704,236.82629,5880,16.9738
14166000,2004,6,20,44.2704,236.82629,5630,16.7437
14166000,2004,6,21,44.2704,236.82629,5400,17.7737
14166000,2004,6,22,44.2704,236.82629,5200,15.9586
14166000,2004,6,23,44.2704,236.82629,5390,18.3768
14166000,2004,6,24,44.2704,236.82629,5720,16.7443
14166000,2004,6,25,44.2704,236.82629,5670,16.2421
14166000,2004,6,26,44.2704,236.82629,5480,16.0149
14166000,2004,6,27,44.2704,236.82629,5360,15.9286
14166000,2004,6,28,44.2704,236.82629,5250,16.7563
14166000,2004,6,29,44.2704,236.82629,4970,19.7114
14166000,2004,6,30,44.2704,236.82629,4600,18.7956
14166000,2004,7,1,44.2704,236.82629,4590,17.6059
14166000,2004,7,2,44.2704,236.82629,4680,20.2564
14166000,2004,7,3,44.2704,236.82629,4660,21.1606
14166000,2004,7,4,44.2704,236.82629,4670,21.287
14166000,2004,7,5,44.2704,236.82629,4620,20.998
14166000,2004,7,6,44.2704,236.82629,4570,19.3264
14166000,2004,7,7,44.2704,236.82629,4590,18.2015
14166000,2004,7,8,44.2704,236.82629,4530,18.3944
14166000,2004,7,9,44.2704,236.82629,4530,20.458
14166000,2004,7,10,44.2704,236.82629,4600,21.7605
14166000,2004,7,11,44.2704,236.82629,4620,20.8405
14166000,2004,7,12,44.2704,236.82629,4610,19.7924
14166000,2004,7,13,44.2704,236.82629,4580,23.5291
14166000,2004,7,14,44.2704,236.82629,4540,24.3556
14166000,2004,7,15,44.2704,236.82629,4520,23.6103
14166000,2004,7,16,44.2704,236.82629,4600,25.4276
14166000,2004,7,17,44.2704,236.82629,4740,24.8405
14166000,2004,7,18,44.2704,236.82629,4740,21.9309
14166000,2004,7,19,44.2704,236.82629,4770,20.8699
14166000,2004,7,20,44.2704,236.82629,4730,20.3526
14166000,2004,7,21,44.2704,236.82629,4590,19.1147
14166000,2004,7,22,44.2704,236.82629,4530,21.2076
14166000,2004,7,23,44.2704,236.82629,4500,22.9089
14166000,2004,7,24,44.2704,236.82629,4670,22.3548
14166000,2004,7,25,44.2704,236.82629,4740,22.5733
14166000,2004,7,26,44.2704,236.82629,4710,22.9006
14166000,2004,7,27,44.2704,236.82629,4710,23.4899
14166000,2004,7,28,44.2704,236.82629,4730,23.7993
14166000,2004,7,29,44.2704,236.82629,4720,23.0558
14166000,2004,7,30,44.2704,236.82629,4700,20.4128
14166000,2004,7,31,44.2704,236.82629,4870,19.513
14166000,2004,8,1,44.2704,236.82629,5000,19.4873
14166000,2004,8,2,44.2704,236.82629,4990,19.5327
14166000,2004,8,3,44.2704,236.82629,5030,20.7523
14166000,2004,8,4,44.2704,236.82629,4980,22.992
14166000,2004,8,5,44.2704,236.82629,4970,20.9641
14166000,2004,8,6,44.2704,236.82629,5070,22.3038
14166000,2004,8,7,44.2704,236.82629,5150,20.2672
14166000,2004,8,8,44.2704,236.82629,5150,22.005
14166000,2004,8,9,44.2704,236.82629,5040,22.9234
14166000,2004,8,10,44.2704,236.82629,4900,23.5459
14166000,2004,8,11,44.2704,236.82629,5180,21.5819
14166000,2004,8,12,44.2704,236.82629,5200,20.7096
14166000,2004,8,13,44.2704,236.82629,5120,18.2447
14166000,2004,8,14,44.2704,236.82629,5080,18.347
14166000,2004,8,15,44.2704,236.82629,5110,18.9919
14166000,2004,8,16,44.2704,236.82629,5250,20.6068
14166000,2004,8,17,44.2704,236.82629,5210,21.1436
14166000,2004,8,18,44.2704,236.82629,5100,22.7208
14166000,2004,8,19,44.2704,236.82629,5020,22.9834
14166000,2004,8,20,44.2704,236.82629,5040,22.5418
14166000,2004,8,21,44.2704,236.82629,5010,22.8929
14166000,2004,8,22,44.2704,236.82629,5310,22.0578
14166000,2004,8,23,44.2704,236.82629,5560,20.1872
14166000,2004,8,24,44.2704,236.82629,4840,17.9387
14166000,2004,8,25,44.2704,236.82629,4770,17.6759
14166000,2004,8,26,44.2704,236.82629,5540,18.0337
14166000,2004,8,27,44.2704,236.82629,5730,20.4192
14166000,2004,8,28,44.2704,236.82629,5380,21.9689
14166000,2004,8,29,44.2704,236.82629,5400,21.9312
14166000,2004,8,30,44.2704,236.82629,5320,21.9653
14166000,2004,8,31,44.2704,236.82629,5040,21.3393
14166000,2004,9,1,44.2704,236.82629,4990,19.848
14166000,2004,9,2,44.2704,236.82629,5000,19.9054
14166000,2004,9,3,44.2704,236.82629,4960,18.8544
14166000,2004,9,4,44.2704,236.82629,4980,18.2819
14166000,2004,9,5,44.2704,236.82629,5020,16.0634
14166000,2004,9,6,44.2704,236.82629,5020,15.8205
14166000,2004,9,7,44.2704,236.82629,5000,17.0894
14166000,2004,9,8,44.2704,236.82629,4800,16.2301
14166000,2004,9,9,44.2704,236.82629,4760,16.524
14166000,2004,9,10,44.2704,236.82629,4850,17.3135
14166000,2004,9,11,44.2704,236.82629,4940,18.2943
14166000,2004,9,12,44.2704,236.82629,5070,19.1034
14166000,2004,9,13,44.2704,236.82629,5080,20.2738
14166000,2004,9,14,44.2704,236.82629,5260,18.734
14166000,2004,9,15,44.2704,236.82629,5220,18.9522
14166000,2004,9,16,44.2704,236.82629,5270,20.53
14166000,2004,9,17,44.2704,236.82629,5200,20.5775
14166000,2004,9,18,44.2704,236.82629,5840,19.9157
14166000,2004,9,19,44.2704,236.82629,6190,17.6428
14166000,2004,9,20,44.2704,236.82629,5980,17.0713
14166000,2004,9,21,44.2704,236.82629,5810,15.0047
14166000,2004,9,22,44.2704,236.82629,5590,15.791
14166000,2004,9,23,44.2704,236.82629,5450,17.1773
14166000,2004,9,24,44.2704,236.82629,5290,15.954
14166000,2004,9,25,44.2704,236.82629,5190,14.3107
14166000,2004,9,26,44.2704,236.82629,5180,14.9146
14166000,2004,9,27,44.2704,236.82629,5160,15.3712
14166000,2004,9,28,44.2704,236.82629,5310,16.1527
14166000,2004,9,29,44.2704,236.82629,5400,15.7369
14166000,2004,9,30,44.2704,236.82629,5390,16.6303
14166000,2004,10,1,44.2704,236.82629,5280,16.4355
14166000,2004,10,2,44.2704,236.82629,5300,12.177
14166000,2004,10,3,44.2704,236.82629,5300,13.7318
14166000,2004,10,4,44.2704,236.82629,5290,16.6743
14166000,2004,10,5,44.2704,236.82629,5270,17.5249
14166000,2004,10,6,44.2704,236.82629,5380,15.6765
14166000,2004,10,7,44.2704,236.82629,5450,13.2115
14166000,2004,10,8,44.2704,236.82629,5620,16.1944
14166000,2004,10,9,44.2704,236.82629,6080,18.3221
14166000,2004,10,10,44.2704,236.82629,5990,18.152
14166000,2004,10,11,44.2704,236.82629,5720,15.9627
14166000,2004,10,12,44.2704,236.82629,5650,15.3333
14166000,2004,10,13,44.2704,236.82629,5420,14.6914
14166000,2004,10,14,44.2704,236.82629,5680,12.3816
14166000,2004,10,15,44.2704,236.82629,5860,11.2879
14166000,2004,10,16,44.2704,236.82629,5880,13.3339
14166000,2004,10,17,44.2704,236.82629,6120,14.6389
14166000,2004,10,18,44.2704,236.82629,6710,14.1775
14166000,2004,10,19,44.2704,236.82629,7440,9.70078
14166000,2004,10,20,44.2704,236.82629,7500,9.57498
14166000,2004,10,21,44.2704,236.82629,7330,11.7731
14166000,2004,10,22,44.2704,236.82629,7660,11.0558
14166000,2004,10,23,44.2704,236.82629,8300,10.7318
14166000,2004,10,24,44.2704,236.82629,8480,11.4825
14166000,2004,10,25,44.2704,236.82629,8110,12.9015
14166000,2004,10,26,44.2704,236.82629,8060,15.1688
14166000,2004,10,27,44.2704,236.82629,8140,15.3995
14166000,2004,10,28,44.2704,236.82629,8740,12.4076
14166000,2004,10,29,44.2704,236.82629,9120,11.307
14166000,2004,10,30,44.2704,236.82629,9350,11.5923
14166000,2004,10,31,44.2704,236.82629,9570,10.2972
14166000,2004,11,1,44.2704,236.82629,9360,11.2709
14166000,2004,11,2,44.2704,236.82629,8980,12.9748
14166000,2004,11,3,44.2704,236.82629,10700,11.2762
14166000,2004,11,4,44.2704,236.82629,10200,7.39383
14166000,2004,11,5,44.2704,236.82629,9590,8.72427
14166000,2004,11,6,44.2704,236.82629,9700,6.46783
14166000,2004,11,7,44.2704,236.82629,9450,7.98544
14166000,2004,11,8,44.2704,236.82629,9090,6.69632
14166000,2004,11,9,44.2704,236.82629,8940,6.96463
14166000,2004,11,10,44.2704,236.82629,8780,5.65564
14166000,2004,11,11,44.2704,236.82629,8120,2.47617
14166000,2004,11,12,44.2704,236.82629,7950,2.70425
14166000,2004,11,13,44.2704,236.82629,7520,4.68967
14166000,2004,11,14,44.2704,236.82629,7010,5.73965
14166000,2004,11,15,44.2704,236.82629,6660,6.58163
14166000,2004,11,16,44.2704,236.82629,6640,5.08191
14166000,2004,11,17,44.2704,236.82629,6440,6.20618
14166000,2004,11,18,44.2704,236.82629,6030,6.1749
14166000,2004,11,19,44.2704,236.82629,5730,7.23767
14166000,2004,11,20,44.2704,236.82629,5580,9.11642
14166000,2004,11,21,44.2704,236.82629,5530,7.10526
14166000,2004,11,22,44.2704,236.82629,5480,5.18445
14166000,2004,11,23,44.2704,236.82629,5460,8.21231
14166000,2004,11,24,44.2704,236.82629,5490,8.33066
14166000,2004,11,25,44.2704,236.82629,5830,8.38412
14166000,2004,11,26,44.2704,236.82629,6810,8.40521
14166000,2004,11,27,44.2704,236.82629,6560,9.2001
14166000,2004,11,28,44.2704,236.82629,6130,9.30435
14166000,2004,11,29,44.2704,236.82629,5840,8.67346
14166000,2004,11,30,44.2704,236.82629,5370,7.4787
14166000,2004,12,1,44.2704,236.82629,5030,5.66818
14166000,2004,12,2,44.2704,236.82629,5120,3.14609
14166000,2004,12,3,44.2704,236.82629,5000,2.67538
14166000,2004,12,4,44.2704,236.82629,4940,4.3616
14166000,2004,12,5,44.2704,236.82629,4930,7.31851
14166000,2004,12,6,44.2704,236.82629,5000,9.26328
14166000,2004,12,7,44.2704,236.82629,7790,10.17
14166000,2004,12,8,44.2704,236.82629,13100,8.62732
14166000,2004,12,9,44.2704,236.82629,29700,7.05948
14166000,2004,12,10,44.2704,236.82629,32500,3.81543
14166000,2004,12,11,44.2704,236.82629,29600,4.81644
14166000,2004,12,12,44.2704,236.82629,30700,6.77737
14166000,2004,12,13,44.2704,236.82629,29000,6.38303
14166000,2004,12,14,44.2704,236.82629,28000,9.59366
14166000,2004,12,15,44.2704,236.82629,27500,8.57755
14166000,2004,12,16,44.2704,236.82629,23400,6.97202
14166000,2004,12,17,44.2704,236.82629,18400,6.8486
14166000,2004,12,18,44.2704,236.82629,15000,7.98373
14166000,2004,12,19,44.2704,236.82629,12800,9.09418
14166000,2004,12,20,44.2704,236.82629,11400,10.3074
14166000,2004,12,21,44.2704,236.82629,10600,8.50269
14166000,2004,12,22,44.2704,236.82629,10600,8.27869
14166000,2004,12,23,44.2704,236.82629,9690,6.10477
14166000,2004,12,24,44.2704,236.82629,9170,5.23547
14166000,2004,12,25,44.2704,236.82629,8980,7.15561
14166000,2004,12,26,44.2704,236.82629,8980,7.4624
14166000,2004,12,27,44.2704,236.82629,8830,6.26486
14166000,2004,12,28,44.2704,236.82629,8640,5.70627
14166000,2004,12,29,44.2704,236.82629,8690,5.57117
14166000,2004,12,30,44.2704,236.82629,8340,5.61719
14166000,2004,12,31,44.2704,236.82629,7660,5.12137
14166000,2005,1,1,44.2704,236.82629,7830,4.19009
14166000,2005,1,2,44.2704,236.82629,7930,3.70703
14166000,2005,1,3,44.2704,236.82629,7670,3.09464
14166000,2005,1,4,44.2704,236.82629,6400,1.76401
14166000,2005,1,5,44.2704,236.82629,5990,3.41257
14166000,2005,1,6,44.2704,236.82629,5530,3.70209
14166000,2005,1,7,44.2704,236.82629,5100,2.32846
14166000,2005,1,8,44.2704,236.82629,5100,4.58109
14166000,2005,1,9,44.2704,236.82629,5120,6.53448
14166000,2005,1,10,44.2704,236.82629,5060,6.36081
14166000,2005,1,11,44.2704,236.82629,4990,4.85681
14166000,2005,1,12,44.2704,236.82629,5000,7.17474
14166000,2005,1,13,44.2704,236.82629,4990,7.44116
14166000,2005,1,14,44.2704,236.82629,4860,5.99948
14166000,2005,1,15,44.2704,236.82629,4830,6.56592
14166000,2005,1,16,44.2704,236.82629,4930,7.50015
14166000,2005,1,17,44.2704,236.82629,5080,6.92838
14166000,2005,1,18,44.2704,236.82629,5940,6.02432
14166000,2005,1,19,44.2704,236.82629,8130,3.74576
14166000,2005,1,20,44.2704,236.82629,7610,4.11148
14166000,2005,1,21,44.2704,236.82629,6060,5.66101
14166000,2005,1,22,44.2704,236.82629,5350,4.8671
14166000,2005,1,23,44.2704,236.82629,5160,4.21722
14166000,2005,1,24,44.2704,236.82629,5070,3.89249
14166000,2005,1,25,44.2704,236.82629,4930,5.11697
14166000,2005,1,26,44.2704,236.82629,4800,3.71985
14166000,2005,1,27,44.2704,236.82629,4790,3.53647
14166000,2005,1,28,44.2704,236.82629,4750,4.53604
14166000,2005,1,29,44.2704,236.82629,4770,4.93741
14166000,2005,1,30,44.2704,236.82629,4740,4.35452
14166000,2005,1,31,44.2704,236.82629,4700,6.45242
14166000,2005,2,1,44.2704,236.82629,4690,10.45
14166000,2005,2,2,44.2704,236.82629,4690,10.5642
14166000,2005,2,3,44.2704,236.82629,4680,6.74045
14166000,2005,2,4,44.2704,236.82629,4640,7.14661
14166000,2005,2,5,44.2704,236.82629,4640,8.89444
14166000,2005,2,6,44.2704,236.82629,4630,9.45505
14166000,2005,2,7,44.2704,236.82629,4680,9.72232
14166000,2005,2,8,44.2704,236.82629,4630,11.7015
14166000,2005,2,9,44.2704,236.82629,4600,10.8329
14166000,2005,2,10,44.2704,236.82629,4580,8.64304
14166000,2005,2,11,44.2704,236.82629,4570,7.0759
14166000,2005,2,12,44.2704,236.82629,4570,8.07483
14166000,2005,2,13,44.2704,236.82629,4980,7.28546
14166000,2005,2,14,44.2704,236.82629,4960,9.00101
14166000,2005,2,15,44.2704,236.82629,4790,8.81046
14166000,2005,2,16,44.2704,236.82629,4720,8.78604
14166000,2005,2,17,44.2704,236.82629,4670,9.33298
14166000,2005,2,18,44.2704,236.82629,4630,9.94321
14166000,2005,2,19,44.2704,236.82629,4610,11.0345
14166000,2005,2,20,44.2704,236.82629,4960,11.4732
14166000,2005,2,21,44.2704,236.82629,5270,10.6584
14166000,2005,2,22,44.2704,236.82629,4950,10.0494
14166000,2005,2,23,44.2704,236.82629,4800,10.2227
14166000,2005,2,24,44.2704,236.82629,4740,8.60989
14166000,2005,2,25,44.2704,236.82629,4690,10.3445
14166000,2005,2,26,44.2704,236.82629,4650,11.1599
14166000,2005,2,27,44.2704,236.82629,4630,11.3145
14166000,2005,2,28,44.2704,236.82629,4630,10.6499
14166000,2005,3,1,44.2704,236.82629,4610,9.40836
14166000,2005,3,2,44.2704,236.82629,4600,9.12503
14166000,2005,3,3,44.2704,236.82629,4570,10.2135
14166000,2005,3,4,44.2704,236.82629,4540,11.7142
14166000,2005,3,5,44.2704,236.82629,4500,9.73782
14166000,2005,3,6,44.2704,236.82629,4400,9.63943
14166000,2005,3,7,44.2704,236.82629,4300,11.16
14166000,2005,3,8,44.2704,236.82629,4200,7.63638
14166000,2005,3,9,44.2704,236.82629,4100,8.10684
14166000,2005,3,10,44.2704,236.82629,4100,8.76492
14166000,2005,3,11,44.2704,236.82629,4000,8.58835
14166000,2005,3,12,44.2704,236.82629,3900,9.69272
14166000,2005,3,13,44.2704,236.82629,3800,9.65222
14166000,2005,3,14,44.2704,236.82629,3800,9.24463
14166000,2005,3,15,44.2704,236.82629,3700,9.23431
14166000,2005,3,16,44.2704,236.82629,3700,10.0809
14166000,2005,3,17,44.2704,236.82629,3800,9.26859
14166000,2005,3,18,44.2704,236.82629,3900,10.1203
14166000,2005,3,19,44.2704,236.82629,3900,11.3745
14166000,2005,3,20,44.2704,236.82629,4200,11.7666
14166000,2005,3,21,44.2704,236.82629,4600,11.0859
14166000,2005,3,22,44.2704,236.82629,4700,10.3562
14166000,2005,3,23,44.2704,236.82629,4900,10.3696
14166000,2005,3,24,44.2704,236.82629,5100,10.4358
14166000,2005,3,25,44.2704,236.82629,6600,9.02237
14166000,2005,3,26,44.2704,236.82629,6800,9.00769
14166000,2005,3,27,44.2704,236.82629,8340,9.05191
14166000,2005,3,28,44.2704,236.82629,19300,10.2226
14166000,2005,3,29,44.2704,236.82629,18400,9.57181
14166000,2005,3,30,44.2704,236.82629,16600,7.58548
14166000,2005,3,31,44.2704,236.82629,11300,8.86331
14166000,2005,4,1,44.2704,236.82629,9210,9.77371
14166000,2005,4,2,44.2704,236.82629,8760,9.45883
14166000,2005,4,3,44.2704,236.82629,8050,10.118
14166000,2005,4,4,44.2704,236.82629,8420,9.99487
14166000,2005,4,5,44.2704,236.82629,8340,9.06088
14166000,2005,4,6,44.2704,236.82629,8240,9.62564
14166000,2005,4,7,44.2704,236.82629,8590,10.5448
14166000,2005,4,8,44.2704,236.82629,10700,11.5444
14166000,2005,4,9,44.2704,236.82629,11200,11.5793
14166000,2005,4,10,44.2704,236.82629,10500,12.0884
14166000,2005,4,11,44.2704,236.82629,10300,11.4325
14166000,2005,4,12,44.2704,236.82629,10400,9.42465
14166000,2005,4,13,44.2704,236.82629,9520,9.10422
14166000,2005,4,14,44.2704,236.82629,8470,11.1515
14166000,2005,4,15,44.2704,236.82629,8030,13.1405
14166000,2005,4,16,44.2704,236.82629,7590,15.3102
14166000,2005,4,17,44.2704,236.82629,7890,17.6415
14166000,2005,4,18,44.2704,236.82629,8510,17.1006
14166000,2005,4,19,44.2704,236.82629,7980,16.7197
14166000,2005,4,20,44.2704,236.82629,7340,15.9601
14166000,2005,4,21,44.2704,236.82629,6970,14.8482
14166000,2005,4,22,44.2704,236.82629,6630,14.3542
14166000,2005,4,23,44.2704,236.82629,6800,13.7891
14166000,2005,4,24,44.2704,236.82629,7890,9.48074
14166000,2005,4,25,44.2704,236.82629,7860,10.2435
14166000,2005,4,26,44.2704,236.82629,7450,11.5843
14166000,2005,4,27,44.2704,236.82629,7730,11.6248
14166000,2005,4,28,44.2704,236.82629,7870,11.7324
14166000,2005,4,29,44.2704,236.82629,7550,11.4654
14166000,2005,4,30,44.2704,236.82629,7720,11.7937
14166000,2005,5,1,44.2704,236.82629,8140,14.2338
14166000,2005,5,2,44.2704,236.82629,8150,16.4198
14166000,2005,5,3,44.2704,236.82629,7770,16.9861
14166000,2005,5,4,44.2704,236.82629,7490,14.9432
14166000,2005,5,5,44.2704,236.82629,8080,12.7618
14166000,2005,5,6,44.2704,236.82629,8650,13.1738
14166000,2005,5,7,44.2704,236.82629,8970,13.1399
14166000,2005,5,8,44.2704,236.82629,8430,12.4068
14166000,2005,5,9,44.2704,236.82629,9130,13.3928
14166000,2005,5,10,44.2704,236.82629,14800,14.4965
14166000,2005,5,11,44.2704,236.82629,21900,16.2269
14166000,2005,5,12,44.2704,236.82629,18800,15.5338
14166000,2005,5,13,44.2704,236.82629,15100,12.6459
14166000,2005,5,14,44.2704,236.82629,12100,12.4461
14166000,2005,5,15,44.2704,236.82629,10600,12.0977
14166000,2005,5,16,44.2704,236.82629,10400,12.9608
14166000,2005,5,17,44.2704,236.82629,13300,13.9424
14166000,2005,5,18,44.2704,236.82629,14500,14.0681
14166000,2005,5,19,44.2704,236.82629,15500,13.5371
14166000,2005,5,20,44.2704,236.82629,15600,13.6689
14166000,2005,5,21,44.2704,236.82629,14100,15.0371
14166000,2005,5,22,44.2704,236.82629,13000,15.5874
14166000,2005,5,23,44.2704,236.82629,11400,14.8887
14166000,2005,5,24,44.2704,236.82629,9600,13.723
14166000,2005,5,25,44.2704,236.82629,8430,13.0665
14166000,2005,5,26,44.2704,236.82629,7920,13.6399
14166000,2005,5,27,44.2704,236.82629,7470,16.2439
14166000,2005,5,28,44.2704,236.82629,7210,18.6378
14166000,2005,5,29,44.2704,236.82629,7690,19.4377
14166000,2005,5,30,44.2704,236.82629,7930,22.8911
14166000,2005,5,31,44.2704,236.82629,7610,21.5963
14166000,2005,6,1,44.2704,236.82629,7410,21.2077
14166000,2005,6,2,44.2704,236.82629,7760,22.294
14166000,2005,6,3,44.2704,236.82629,7680,21.2697
14166000,2005,6,4,44.2704,236.82629,7280,20.7894
14166000,2005,6,5,44.2704,236.82629,6900,24.5642
14166000,2005,6,6,44.2704,236.82629,7060,26.4652
14166000,2005,6,7,44.2704,236.82629,8200,24.4253
14166000,2005,6,8,44.2704,236.82629,9830,19.796
14166000,2005,6,9,44.2704,236.82629,8720,17.8493
14166000,2005,6,10,44.2704,236.82629,7380,17.5167
14166000,2005,6,11,44.2704,236.82629,6870,17.9515
14166000,2005,6,12,44.2704,236.82629,6750,18.0263
14166000,2005,6,13,44.2704,236.82629,6340,17.837
14166000,2005,6,14,44.2704,236.82629,5920,16.8441
14166000,2005,6,15,44.2704,236.82629,5560,17.5705
14166000,2005,6,16,44.2704,236.82629,5420,19.0514
14166000,2005,6,17,44.2704,236.82629,5660,19.6563
14166000,2005,6,18,44.2704,236.82629,5920,19.9467
14166000,2005,6,19,44.2704,236.82629,5920,21.0086
14166000,2005,6,20,44.2704,236.82629,5840,20.279
14166000,2005,6,21,44.2704,236.82629,5670,19.2217
14166000,2005,6,22,44.2704,236.82629,5520,16.3844
14166000,2005,6,23,44.2704,236.82629,5390,15.1815
14166000,2005,6,24,44.2704,236.82629,5280,16.3088
14166000,2005,6,25,44.2704,236.82629,5130,17.5971
14166000,2005,6,26,44.2704,236.82629,5090,19.3534
14166000,2005,6,27,44.2704,236.82629,5100,17.0146
14166000,2005,6,28,44.2704,236.82629,5130,16.2175
14166000,2005,6,29,44.2704,236.82629,5100,18.2553
14166000,2005,6,30,44.2704,236.82629,5050,17.0883
14166000,2005,7,1,44.2704,236.82629,4990,17.6306
14166000,2005,7,2,44.2704,236.82629,4890,17.5483
14166000,2005,7,3,44.2704,236.82629,4860,17.3249
14166000,2005,7,4,44.2704,236.82629,4850,16.163
14166000,2005,7,5,44.2704,236.82629,4850,17.8125
14166000,2005,7,6,44.2704,236.82629,4850,17.8765
14166000,2005,7,7,44.2704,236.82629,4850,19.022
14166000,2005,7,8,44.2704,236.82629,4840,22.9969
14166000,2005,7,9,44.2704,236.82629,4920,27.3407
14166000,2005,7,10,44.2704,236.82629,4930,27.5175
14166000,2005,7,11,44.2704,236.82629,4890,26.2261
14166000,2005,7,12,44.2704,236.82629,4860,23.9315
14166000,2005,7,13,44.2704,236.82629,4870,24.0534
14166000,2005,7,14,44.2704,236.82629,4880,23.2212
14166000,2005,7,15,44.2704,236.82629,4950,22.0787
14166000,2005,7,16,44.2704,236.82629,5020,18.9731
14166000,2005,7,17,44.2704,236.82629,5020,17.2599
14166000,2005,7,18,44.2704,236.82629,4990,18.5985
14166000,2005,7,19,44.2704,236.82629,4960,16.4172
14166000,2005,7,20,44.2704,236.82629,4950,17.6294
14166000,2005,7,21,44.2704,236.82629,4950,17.6267
14166000,2005,7,22,44.2704,236.82629,5020,17.7386
14166000,2005,7,23,44.2704,236.82629,5050,19.1007
14166000,2005,7,24,44.2704,236.82629,5030,18.5419
14166000,2005,7,25,44.2704,236.82629,5010,19.7332
14166000,2005,7,26,44.2704,236.82629,5020,20.4612
14166000,2005,7,27,44.2704,236.82629,5070,20.4098
14166000,2005,7,28,44.2704,236.82629,5200,21.8727
14166000,2005,7,29,44.2704,236.82629,5160,23.9906
14166000,2005,7,30,44.2704,236.82629,5180,24.4001
14166000,2005,7,31,44.2704,236.82629,5150,23.7446
14166000,2005,8,1,44.2704,236.82629,5150,23.1193
14166000,2005,8,2,44.2704,236.82629,5150,23.0976
14166000,2005,8,3,44.2704,236.82629,5130,23.4313
14166000,2005,8,4,44.2704,236.82629,5120,23.8763
14166000,2005,8,5,44.2704,236.82629,5090,23.1031
14166000,2005,8,6,44.2704,236.82629,5090,22.114
14166000,2005,8,7,44.2704,236.82629,5080,21.824
14166000,2005,8,8,44.2704,236.82629,5080,18.9118
14166000,2005,8,9,44.2704,236.82629,5060,19.2627
14166000,2005,8,10,44.2704,236.82629,5110,15.3949
14166000,2005,8,11,44.2704,236.82629,5120,16.5028
14166000,2005,8,12,44.2704,236.82629,5110,14.8527
14166000,2005,8,13,44.2704,236.82629,5120,14.9897
14166000,2005,8,14,44.2704,236.82629,5110,18.0387
14166000,2005,8,15,44.2704,236.82629,5110,17.9739
14166000,2005,8,16,44.2704,236.82629,5120,19.1516
14166000,2005,8,17,44.2704,236.82629,5160,19.0106
14166000,2005,8,18,44.2704,236.82629,5190,18.5414
14166000,2005,8,19,44.2704,236.82629,5180,18.8201
14166000,2005,8,20,44.2704,236.82629,5190,20.995
14166000,2005,8,21,44.2704,236.82629,5230,26.8936
14166000,2005,8,22,44.2704,236.82629,5230,24.1127
14166000,2005,8,23,44.2704,236.82629,5260,18.451
14166000,2005,8,24,44.2704,236.82629,5270,18.643
14166000,2005,8,25,44.2704,236.82629,5280,18.1566
14166000,2005,8,26,44.2704,236.82629,5270,17.9176
14166000,2005,8,27,44.2704,236.82629,5290,17.7655
14166000,2005,8,28,44.2704,236.82629,5300,19.9369
14166000,2005,8,29,44.2704,236.82629,5330,17.8042
14166000,2005,8,30,44.2704,236.82629,5370,20.2713
14166000,2005,8,31,44.2704,236.82629,5330,22.5884
14166000,2005,9,1,44.2704,236.82629,5250,22.0681
14166000,2005,9,2,44.2704,236.82629,5270,18.8526
14166000,2005,9,3,44.2704,236.82629,5300,15.6063
14166000,2005,9,4,44.2704,236.82629,5320,17.3789
14166000,2005,9,5,44.2704,236.82629,5320,17.9601
14166000,2005,9,6,44.2704,236.82629,5320,18.3141
14166000,2005,9,7,44.2704,236.82629,5370,18.2499
14166000,2005,9,8,44.2704,236.82629,5380,17.4872
14166000,2005,9,9,44.2704,236.82629,5400,18.144
14166000,2005,9,10,44.2704,236.82629,5490,20.3662
14166000,2005,9,11,44.2704,236.82629,5600,20.5353
14166000,2005,9,12,44.2704,236.82629,5550,19.8001
14166000,2005,9,13,44.2704,236.82629,5520,19.6046
14166000,2005,9,14,44.2704,236.82629,5540,19.443
14166000,2005,9,15,44.2704,236.82629,5510,19.2428
14166000,2005,9,16,44.2704,236.82629,5530,13.9887
14166000,2005,9,17,44.2704,236.82629,5580,14.041
14166000,2005,9,18,44.2704,236.82629,5580,16.4111
14166000,2005,9,19,44.2704,236.82629,5570,16.5215
14166000,2005,9,20,44.2704,236.82629,5600,16.8443
14166000,2005,9,21,44.2704,236.82629,5630,15.0486
14166000,2005,9,22,44.2704,236.82629,5630,12.6704
14166000,2005,9,23,44.2704,236.82629,5650,13.5092
14166000,2005,9,24,44.2704,236.82629,5700,12.6184
14166000,2005,9,25,44.2704,236.82629,5670,13.492
14166000,2005,9,26,44.2704,236.82629,5720,13.7567
14166000,2005,9,27,44.2704,236.82629,5740,12.2187
14166000,2005,9,28,44.2704,236.82629,5750,13.5509
14166000,2005,9,29,44.2704,236.82629,5750,12.5756
14166000,2005,9,30,44.2704,236.82629,5830,13.8385
14166000,2005,10,1,44.2704,236.82629,6150,15.0279
14166000,2005,10,2,44.2704,236.82629,6190,18.5015
14166000,2005,10,3,44.2704,236.82629,6150,18.7996
14166000,2005,10,4,44.2704,236.82629,6170,19.679
14166000,2005,10,5,44.2704,236.82629,6060,19.3849
14166000,2005,10,6,44.2704,236.82629,5990,19.9238
14166000,2005,10,7,44.2704,236.82629,6090,18.2489
14166000,2005,10,8,44.2704,236.82629,6220,17.356
14166000,2005,10,9,44.2704,236.82629,6250,13.3485
14166000,2005,10,10,44.2704,236.82629,6230,12.7584
14166000,2005,10,11,44.2704,236.82629,6220,13.2074
14166000,2005,10,12,44.2704,236.82629,6200,11.8984
14166000,2005,10,13,44.2704,236.82629,6190,11.6347
14166000,2005,10,14,44.2704,236.82629,6180,14.5599
14166000,2005,10,15,44.2704,236.82629,6240,15.0888
14166000,2005,10,16,44.2704,236.82629,6340,14.365
14166000,2005,10,17,44.2704,236.82629,6300,14.0995
14166000,2005,10,18,44.2704,236.82629,6170,12.4898
14166000,2005,10,19,44.2704,236.82629,6150,9.93207
14166000,2005,10,20,44.2704,236.82629,6180,9.19443
14166000,2005,10,21,44.2704,236.82629,6200,9.76175
14166000,2005,10,22,44.2704,236.82629,6200,10.8616
14166000,2005,10,23,44.2704,236.82629,6360,9.10315
14166000,2005,10,24,44.2704,236.82629,6260,10.6765
14166000,2005,10,25,44.2704,236.82629,5980,11.6117
14166000,2005,10,26,44.2704,236.82629,5900,11.8262
14166000,2005,10,27,44.2704,236.82629,5960,12.0563
14166000,2005,10,28,44.2704,236.82629,6200,13.2116
14166000,2005,10,29,44.2704,236.82629,6430,13.4226
14166000,2005,10,30,44.2704,236.82629,6340,10.5199
14166000,2005,10,31,44.2704,236.82629,6290,14.1193
14166000,2005,11,1,44.2704,236.82629,6890,10.8202
14166000,2005,11,2,44.2704,236.82629,7770,8.20654
14166000,2005,11,3,44.2704,236.82629,7600,7.27499
14166000,2005,11,4,44.2704,236.82629,9090,7.28339
14166000,2005,11,5,44.2704,236.82629,9970,7.82455
14166000,2005,11,6,44.2704,236.82629,13600,5.79858
14166000,2005,11,7,44.2704,236.82629,14000,6.51071
14166000,2005,11,8,44.2704,236.82629,12800,8.20517
14166000,2005,11,9,44.2704,236.82629,12000,8.83514
14166000,2005,11,10,44.2704,236.82629,11400,8.64664
14166000,2005,11,11,44.2704,236.82629,11700,11.4771
14166000,2005,11,12,44.2704,236.82629,12700,9.53098
14166000,2005,11,13,44.2704,236.82629,13900,12.3555
14166000,2005,11,14,44.2704,236.82629,17700,8.8616
14166000,2005,11,15,44.2704,236.82629,15900,7.88583
14166000,2005,11,16,44.2704,236.82629,14700,9.57541
14166000,2005,11,17,44.2704,236.82629,13000,9.59653
14166000,2005,11,18,44.2704,236.82629,11500,7.26505
14166000,2005,11,19,44.2704,236.82629,10200,7.88724
14166000,2005,11,20,44.2704,236.82629,9110,10.0023
14166000,2005,11,21,44.2704,236.82629,8170,11.1538
14166000,2005,11,22,44.2704,236.82629,7740,9.96841
14166000,2005,11,23,44.2704,236.82629,7530,6.79257
14166000,2005,11,24,44.2704,236.82629,7400,6.0824
14166000,2005,11,25,44.2704,236.82629,8310,6.98215
14166000,2005,11,26,44.2704,236.82629,11900,8.04453
14166000,2005,11,27,44.2704,236.82629,12000,8.92209
14166000,2005,11,28,44.2704,236.82629,11400,8.75507
14166000,2005,11,29,44.2704,236.82629,12500,8.49597
14166000,2005,11,30,44.2704,236.82629,13600,7.35751
14166000,2005,12,1,44.2704,236.82629,15400,4.01785
14166000,2005,12,2,44.2704,236.82629,20800,2.77786
14166000,2005,12,3,44.2704,236.82629,23200,2.08249
14166000,2005,12,4,44.2704,236.82629,20800,-0.820953
14166000,2005,12,5,44.2704,236.82629,18200,1.00931
14166000,2005,12,6,44.2704,236.82629,15600,1.03418
14166000,2005,12,7,44.2704,236.82629,13400,2.31931
14166000,2005,12,8,44.2704,236.82629,12100,2.91064
14166000,2005,12,9,44.2704,236.82629,10900,4.53506
14166000,2005,12,10,44.2704,236.82629,10200,6.33047
14166000,2005,12,11,44.2704,236.82629,9860,9.37561
14166000,2005,12,12,44.2704,236.82629,9890,8.83255
14166000,2005,12,13,44.2704,236.82629,9140,8.66678
14166000,2005,12,14,44.2704,236.82629,8160,6.87125
14166000,2005,12,15,44.2704,236.82629,7630,7.44537
14166000,2005,12,16,44.2704,236.82629,7350,6.79233
14166000,2005,12,17,44.2704,236.82629,7000,4.68661
14166000,2005,12,18,44.2704,236.82629,6780,4.34085
14166000,2005,12,19,44.2704,236.82629,7080,2.51877
14166000,2005,12,20,44.2704,236.82629,9940,-0.566772
14166000,2005,12,21,44.2704,236.82629,12500,-2.67215
14166000,2005,12,22,44.2704,236.82629,17500,-1.84024
14166000,2005,12,23,44.2704,236.82629,26500,-2.40274
14166000,2005,12,24,44.2704,236.82629,23000,-6.0296
14166000,2005,12,25,44.2704,236.82629,18200,-2.69943
14166000,2005,12,26,44.2704,236.82629,17100,0.816376
14166000,2005,12,27,44.2704,236.82629,18200,4.29745
14166000,2005,12,28,44.2704,236.82629,29500,6.90527
14166000,2005,12,29,44.2704,236.82629,36400,8.61893
14166000,2005,12,30,44.2704,236.82629,30400,6.78024
